20.00,1.00,350.00,650.00,10.00,-19.38,351.00,648.08,10.00,-19.38,352.00,646.15,10.00,-19.38,353.00,644.23,10.00,-19.38,354.00,642.31,10.00,-19.38,355.00,640.38,10.00,-19.38,356.00,638.46,10.00,-19.38,357.00,636.54,10.00,-19.38,358.00,634.62,10.00,-19.38,359.00,632.69,10.00,-19.38,360.00,630.77,10.00,-19.38,361.00,628.85,10.00,-19.38,362.00,626.92,10.00,-19.38,363.00,625.00,10.00,-19.38,364.00,623.08,10.00,-19.38,365.00,621.15,10.00,-19.38,366.00,619.23,10.00,-19.38,367.00,617.31,10.00,-19.38,368.00,615.38,10.00,-19.38,369.00,613.46,10.00,-19.38,370.00,611.54,10.00,-19.38,371.00,609.62,10.00,-19.38,372.00,607.69,10.00,-19.38,373.00,605.77,10.00,-19.38,374.00,603.85,10.00,-19.38,375.00,601.92,10.00,-19.38,376.00,600.00,10.00,-19.38,377.00,598.08,10.00,-19.38,378.00,596.15,10.00,-19.38,379.00,594.23,10.00,-19.38,380.00,592.31,10.00,-19.38
20.00,1.00,360.00,630.77,10.00,-19.38,361.00,628.85,10.00,-19.38,362.00,626.92,10.00,-19.38,363.00,625.00,10.00,-19.38,364.00,623.08,10.00,-19.38,365.00,621.15,10.00,-19.38,366.00,619.23,10.00,-19.38,367.00,617.31,10.00,-19.38,368.00,615.38,10.00,-19.38,369.00,613.46,10.00,-19.38,370.00,611.54,10.00,-19.38,371.00,609.62,10.00,-19.38,372.00,607.69,10.00,-19.38,373.00,605.77,10.00,-19.38,374.00,603.85,10.00,-19.38,375.00,601.92,10.00,-19.38,376.00,600.00,10.00,-19.38,377.00,598.08,10.00,-19.38,378.00,596.15,10.00,-19.38,379.00,594.23,10.00,-19.38,380.00,592.31,10.00,-19.38,381.00,590.38,10.00,-19.38,382.00,588.46,10.00,-19.38,383.00,586.54,10.00,-19.38,384.00,584.62,10.00,-19.38,385.00,582.69,10.00,-19.38,386.00,580.77,10.00,-19.38,387.00,578.85,10.00,-19.38,388.00,576.92,10.00,-19.38,389.00,575.00,10.00,-19.38,390.00,573.08,10.00,-19.38
20.00,1.00,370.00,611.54,10.00,-19.38,371.00,609.62,10.00,-19.38,372.00,607.69,10.00,-19.38,373.00,605.77,10.00,-19.38,374.00,603.85,10.00,-19.38,375.00,601.92,10.00,-19.38,376.00,600.00,10.00,-19.38,377.00,598.08,10.00,-19.38,378.00,596.15,10.00,-19.38,379.00,594.23,10.00,-19.38,380.00,592.31,10.00,-19.38,381.00,590.38,10.00,-19.38,382.00,588.46,10.00,-19.38,383.00,586.54,10.00,-19.38,384.00,584.62,10.00,-19.38,385.00,582.69,10.00,-19.38,386.00,580.77,10.00,-19.38,387.00,578.85,10.00,-19.38,388.00,576.92,10.00,-19.38,389.00,575.00,10.00,-19.38,390.00,573.08,10.00,-19.38,391.00,571.15,10.00,-19.38,392.00,569.23,10.00,-19.38,393.00,567.31,10.00,-19.38,394.00,565.38,10.00,-19.38,395.00,563.46,10.00,-19.38,396.00,561.54,10.00,-19.38,397.00,559.62,10.00,-19.38,398.00,557.69,10.00,-19.38,399.00,555.77,10.00,-19.38,400.00,553.85,10.00,-19.38
20.00,1.00,380.00,592.31,10.00,-19.38,381.00,590.38,10.00,-19.38,382.00,588.46,10.00,-19.38,383.00,586.54,10.00,-19.38,384.00,584.62,10.00,-19.38,385.00,582.69,10.00,-19.38,386.00,580.77,10.00,-19.38,387.00,578.85,10.00,-19.38,388.00,576.92,10.00,-19.38,389.00,575.00,10.00,-19.38,390.00,573.08,10.00,-19.38,391.00,571.15,10.00,-19.38,392.00,569.23,10.00,-19.38,393.00,567.31,10.00,-19.38,394.00,565.38,10.00,-19.38,395.00,563.46,10.00,-19.38,396.00,561.54,10.00,-19.38,397.00,559.62,10.00,-19.38,398.00,557.69,10.00,-19.38,399.00,555.77,10.00,-19.38,400.00,553.85,10.00,-19.38,401.00,551.92,10.00,-19.38,402.00,550.00,10.00,-19.38,403.00,548.08,10.00,-19.38,404.00,546.15,10.00,-19.38,405.00,544.23,10.00,-19.38,406.00,542.31,10.00,-19.38,407.00,540.38,10.00,-19.38,408.00,538.46,10.00,-19.38,409.00,536.54,10.00,-19.38,410.00,534.62,10.00,-19.38
20.00,1.00,390.00,573.08,10.00,-19.38,391.00,571.15,10.00,-19.38,392.00,569.23,10.00,-19.38,393.00,567.31,10.00,-19.38,394.00,565.38,10.00,-19.38,395.00,563.46,10.00,-19.38,396.00,561.54,10.00,-19.38,397.00,559.62,10.00,-19.38,398.00,557.69,10.00,-19.38,399.00,555.77,10.00,-19.38,400.00,553.85,10.00,-19.38,401.00,551.92,10.00,-19.38,402.00,550.00,10.00,-19.38,403.00,548.08,10.00,-19.38,404.00,546.15,10.00,-19.38,405.00,544.23,10.00,-19.38,406.00,542.31,10.00,-19.38,407.00,540.38,10.00,-19.38,408.00,538.46,10.00,-19.38,409.00,536.54,10.00,-19.38,410.00,534.62,10.00,-19.38,411.00,532.69,10.00,-19.38,412.00,530.77,10.00,-19.38,413.00,528.85,10.00,-19.38,414.00,526.92,10.00,-19.38,415.00,525.00,10.00,-19.38,415.00,523.08,10.00,-19.38,416.00,521.15,10.00,-19.38,417.00,519.23,10.00,-19.38,418.00,517.31,10.00,-19.38,419.00,515.38,10.00,-19.38
20.00,1.00,400.00,553.85,10.00,-19.38,401.00,551.92,10.00,-19.38,402.00,550.00,10.00,-19.38,403.00,548.08,10.00,-19.38,404.00,546.15,10.00,-19.38,405.00,544.23,10.00,-19.38,406.00,542.31,10.00,-19.38,407.00,540.38,10.00,-19.38,408.00,538.46,10.00,-19.38,409.00,536.54,10.00,-19.38,410.00,534.62,10.00,-19.38,411.00,532.69,10.00,-19.38,412.00,530.77,10.00,-19.38,413.00,528.85,10.00,-19.38,414.00,526.92,10.00,-19.38,415.00,525.00,10.00,-19.38,415.00,523.08,10.00,-19.38,416.00,521.15,10.00,-19.38,417.00,519.23,10.00,-19.38,418.00,517.31,10.00,-19.38,419.00,515.38,10.00,-19.38,420.00,513.46,10.00,-19.38,421.00,511.54,10.00,-19.38,422.00,509.62,10.00,-19.38,423.00,507.69,10.00,-19.38,424.00,505.77,10.00,-19.38,425.00,503.85,10.00,-19.38,426.00,501.92,10.00,-19.38,427.00,500.00,10.00,-19.38,428.00,498.08,10.00,-19.38,429.00,496.15,10.00,-19.38
20.00,1.00,410.00,534.62,10.00,-19.38,411.00,532.69,10.00,-19.38,412.00,530.77,10.00,-19.38,413.00,528.85,10.00,-19.38,414.00,526.92,10.00,-19.38,415.00,525.00,10.00,-19.38,415.00,523.08,10.00,-19.38,416.00,521.15,10.00,-19.38,417.00,519.23,10.00,-19.38,418.00,517.31,10.00,-19.38,419.00,515.38,10.00,-19.38,420.00,513.46,10.00,-19.38,421.00,511.54,10.00,-19.38,422.00,509.62,10.00,-19.38,423.00,507.69,10.00,-19.38,424.00,505.77,10.00,-19.38,425.00,503.85,10.00,-19.38,426.00,501.92,10.00,-19.38,427.00,500.00,10.00,-19.38,428.00,498.08,10.00,-19.38,429.00,496.15,10.00,-19.38,430.00,494.23,10.00,-19.38,431.00,492.31,10.00,-19.38,432.00,490.38,10.00,-19.38,433.00,488.46,10.00,-19.38,434.00,486.54,10.00,-19.38,435.00,484.62,10.00,-19.38,436.00,482.69,10.00,-19.38,437.00,480.77,10.00,-19.38,438.00,478.85,10.00,-19.38,439.00,476.92,10.00,-19.38
20.00,1.00,419.00,515.38,10.00,-19.38,420.00,513.46,10.00,-19.38,421.00,511.54,10.00,-19.38,422.00,509.62,10.00,-19.38,423.00,507.69,10.00,-19.38,424.00,505.77,10.00,-19.38,425.00,503.85,10.00,-19.38,426.00,501.92,10.00,-19.38,427.00,500.00,10.00,-19.38,428.00,498.08,10.00,-19.38,429.00,496.15,10.00,-19.38,430.00,494.23,10.00,-19.38,431.00,492.31,10.00,-19.38,432.00,490.38,10.00,-19.38,433.00,488.46,10.00,-19.38,434.00,486.54,10.00,-19.38,435.00,484.62,10.00,-19.38,436.00,482.69,10.00,-19.38,437.00,480.77,10.00,-19.38,438.00,478.85,10.00,-19.38,439.00,476.92,10.00,-19.38,440.00,475.00,10.00,-19.38,441.00,473.08,10.00,-19.38,442.00,471.15,10.00,-19.38,443.00,469.23,10.00,-19.38,444.00,467.31,10.00,-19.38,445.00,465.38,10.00,-19.38,446.00,463.46,10.00,-19.38,447.00,461.54,10.00,-19.38,448.00,459.62,10.00,-19.38,449.00,457.69,10.00,-19.38
20.00,1.00,429.00,496.15,10.00,-19.38,430.00,494.23,10.00,-19.38,431.00,492.31,10.00,-19.38,432.00,490.38,10.00,-19.38,433.00,488.46,10.00,-19.38,434.00,486.54,10.00,-19.38,435.00,484.62,10.00,-19.38,436.00,482.69,10.00,-19.38,437.00,480.77,10.00,-19.38,438.00,478.85,10.00,-19.38,439.00,476.92,10.00,-19.38,440.00,475.00,10.00,-19.38,441.00,473.08,10.00,-19.38,442.00,471.15,10.00,-19.38,443.00,469.23,10.00,-19.38,444.00,467.31,10.00,-19.38,445.00,465.38,10.00,-19.38,446.00,463.46,10.00,-19.38,447.00,461.54,10.00,-19.38,448.00,459.62,10.00,-19.38,449.00,457.69,10.00,-19.38,450.00,455.77,10.00,-19.38,451.00,453.85,10.00,-19.38,452.00,451.92,10.00,-19.38,453.00,450.00,10.00,-19.38,454.00,448.08,10.00,-19.38,455.00,446.15,10.00,-19.38,456.00,444.23,10.00,-19.38,457.00,442.31,10.00,-19.38,458.00,440.38,10.00,-19.38,459.00,438.46,10.00,-19.38
20.00,1.00,439.00,476.92,10.00,-19.38,440.00,475.00,10.00,-19.38,441.00,473.08,10.00,-19.38,442.00,471.15,10.00,-19.38,443.00,469.23,10.00,-19.38,444.00,467.31,10.00,-19.38,445.00,465.38,10.00,-19.38,446.00,463.46,10.00,-19.38,447.00,461.54,10.00,-19.38,448.00,459.62,10.00,-19.38,449.00,457.69,10.00,-19.38,450.00,455.77,10.00,-19.38,451.00,453.85,10.00,-19.38,452.00,451.92,10.00,-19.38,453.00,450.00,10.00,-19.38,454.00,448.08,10.00,-19.38,455.00,446.15,10.00,-19.38,456.00,444.23,10.00,-19.38,457.00,442.31,10.00,-19.38,458.00,440.38,10.00,-19.38,459.00,438.46,10.00,-19.38,460.00,436.54,10.00,-19.38,461.00,434.62,10.00,-19.38,462.00,432.69,10.00,-19.38,463.00,430.77,10.00,-19.38,464.00,428.85,10.00,-19.38,465.00,426.92,10.00,-19.38,466.00,425.00,10.00,-19.38,467.00,423.08,10.00,-19.38,468.00,421.15,10.00,-19.38,469.00,419.23,10.00,-19.38
20.00,1.00,449.00,457.69,10.00,-19.38,450.00,455.77,10.00,-19.38,451.00,453.85,10.00,-19.38,452.00,451.92,10.00,-19.38,453.00,450.00,10.00,-19.38,454.00,448.08,10.00,-19.38,455.00,446.15,10.00,-19.38,456.00,444.23,10.00,-19.38,457.00,442.31,10.00,-19.38,458.00,440.38,10.00,-19.38,459.00,438.46,10.00,-19.38,460.00,436.54,10.00,-19.38,461.00,434.62,10.00,-19.38,462.00,432.69,10.00,-19.38,463.00,430.77,10.00,-19.38,464.00,428.85,10.00,-19.38,465.00,426.92,10.00,-19.38,466.00,425.00,10.00,-19.38,467.00,423.08,10.00,-19.38,468.00,421.15,10.00,-19.38,469.00,419.23,10.00,-19.38,470.00,417.31,10.00,-19.38,471.00,415.38,10.00,-19.38,472.00,413.46,10.00,-19.38,473.00,411.54,10.00,-19.38,474.00,409.62,10.00,-19.38,475.00,407.69,10.00,-19.38,476.00,405.77,10.00,-19.38,477.00,403.85,10.00,-19.38,478.00,401.92,10.00,-19.38,479.00,400.00,10.00,-19.38
20.00,1.00,459.00,438.46,10.00,-19.38,460.00,436.54,10.00,-19.38,461.00,434.62,10.00,-19.38,462.00,432.69,10.00,-19.38,463.00,430.77,10.00,-19.38,464.00,428.85,10.00,-19.38,465.00,426.92,10.00,-19.38,466.00,425.00,10.00,-19.38,467.00,423.08,10.00,-19.38,468.00,421.15,10.00,-19.38,469.00,419.23,10.00,-19.38,470.00,417.31,10.00,-19.38,471.00,415.38,10.00,-19.38,472.00,413.46,10.00,-19.38,473.00,411.54,10.00,-19.38,474.00,409.62,10.00,-19.38,475.00,407.69,10.00,-19.38,476.00,405.77,10.00,-19.38,477.00,403.85,10.00,-19.38,478.00,401.92,10.00,-19.38,479.00,400.00,10.00,-19.38,480.00,398.08,10.00,-19.38,481.00,396.15,10.00,-19.38,482.00,394.23,10.00,-19.38,483.00,392.31,10.00,-19.38,484.00,390.38,10.00,-19.38,485.00,388.46,10.00,-19.38,486.00,386.54,10.00,-19.38,487.00,384.62,10.00,-19.38,488.00,382.69,10.00,-19.38,489.00,380.77,10.00,-19.38
20.00,1.00,469.00,419.23,10.00,-19.38,470.00,417.31,10.00,-19.38,471.00,415.38,10.00,-19.38,472.00,413.46,10.00,-19.38,473.00,411.54,10.00,-19.38,474.00,409.62,10.00,-19.38,475.00,407.69,10.00,-19.38,476.00,405.77,10.00,-19.38,477.00,403.85,10.00,-19.38,478.00,401.92,10.00,-19.38,479.00,400.00,10.00,-19.38,480.00,398.08,10.00,-19.38,481.00,396.15,10.00,-19.38,482.00,394.23,10.00,-19.38,483.00,392.31,10.00,-19.38,484.00,390.38,10.00,-19.38,485.00,388.46,10.00,-19.38,486.00,386.54,10.00,-19.38,487.00,384.62,10.00,-19.38,488.00,382.69,10.00,-19.38,489.00,380.77,10.00,-19.38,490.00,378.85,10.00,-19.38,491.00,376.92,10.00,-19.38,492.00,375.00,10.00,-19.38,493.00,373.08,10.00,-19.38,494.00,371.15,10.00,-19.38,495.00,369.23,10.00,-19.38,496.00,367.31,10.00,-19.38,497.00,365.38,10.00,-19.38,498.00,363.46,10.00,-19.38,499.00,361.54,10.00,-19.38
20.00,1.00,479.00,400.00,10.00,-19.38,480.00,398.08,10.00,-19.38,481.00,396.15,10.00,-19.38,482.00,394.23,10.00,-19.38,483.00,392.31,10.00,-19.38,484.00,390.38,10.00,-19.38,485.00,388.46,10.00,-19.38,486.00,386.54,10.00,-19.38,487.00,384.62,10.00,-19.38,488.00,382.69,10.00,-19.38,489.00,380.77,10.00,-19.38,490.00,378.85,10.00,-19.38,491.00,376.92,10.00,-19.38,492.00,375.00,10.00,-19.38,493.00,373.08,10.00,-19.38,494.00,371.15,10.00,-19.38,495.00,369.23,10.00,-19.38,496.00,367.31,10.00,-19.38,497.00,365.38,10.00,-19.38,498.00,363.46,10.00,-19.38,499.00,361.54,10.00,-19.38,500.00,359.62,10.00,-19.38,501.00,357.69,10.00,-19.38,502.00,355.77,10.00,-19.38,503.00,353.85,10.00,-19.38,504.00,351.92,10.00,-19.38,505.00,350.00,10.00,-19.38,506.00,348.08,10.00,-19.38,507.00,346.15,10.00,-19.38,508.00,344.23,10.00,-19.38,509.00,342.31,10.00,-19.38
20.00,1.00,489.00,380.77,10.00,-19.38,490.00,378.85,10.00,-19.38,491.00,376.92,10.00,-19.38,492.00,375.00,10.00,-19.38,493.00,373.08,10.00,-19.38,494.00,371.15,10.00,-19.38,495.00,369.23,10.00,-19.38,496.00,367.31,10.00,-19.38,497.00,365.38,10.00,-19.38,498.00,363.46,10.00,-19.38,499.00,361.54,10.00,-19.38,500.00,359.62,10.00,-19.38,501.00,357.69,10.00,-19.38,502.00,355.77,10.00,-19.38,503.00,353.85,10.00,-19.38,504.00,351.92,10.00,-19.38,505.00,350.00,10.00,-19.38,506.00,348.08,10.00,-19.38,507.00,346.15,10.00,-19.38,508.00,344.23,10.00,-19.38,509.00,342.31,10.00,-19.38,510.00,340.38,10.00,-19.38,511.00,338.46,10.00,-19.38,512.00,336.54,10.00,-19.38,513.00,334.62,10.00,-19.38,514.00,332.69,10.00,-19.38,515.00,330.77,10.00,-19.38,516.00,328.85,10.00,-19.38,517.00,326.92,10.00,-19.38,518.00,325.00,10.00,-19.38,519.00,323.08,10.00,-19.38
20.00,1.00,499.00,361.54,10.00,-19.38,500.00,359.62,10.00,-19.38,501.00,357.69,10.00,-19.38,502.00,355.77,10.00,-19.38,503.00,353.85,10.00,-19.38,504.00,351.92,10.00,-19.38,505.00,350.00,10.00,-19.38,506.00,348.08,10.00,-19.38,507.00,346.15,10.00,-19.38,508.00,344.23,10.00,-19.38,509.00,342.31,10.00,-19.38,510.00,340.38,10.00,-19.38,511.00,338.46,10.00,-19.38,512.00,336.54,10.00,-19.38,513.00,334.62,10.00,-19.38,514.00,332.69,10.00,-19.38,515.00,330.77,10.00,-19.38,516.00,328.85,10.00,-19.38,517.00,326.92,10.00,-19.38,518.00,325.00,10.00,-19.38,519.00,323.08,10.00,-19.38,520.00,321.15,10.00,-19.38,521.00,319.23,10.00,-19.38,522.00,317.31,10.00,-19.38,523.00,315.38,10.00,-19.38,524.00,313.46,10.00,-19.38,525.00,311.54,10.00,-19.38,526.00,309.62,10.00,-19.38,527.00,307.69,10.00,-19.38,528.00,305.77,10.00,-19.38,529.00,303.85,10.00,-19.38
20.00,1.00,509.00,342.31,10.00,-19.38,510.00,340.38,10.00,-19.38,511.00,338.46,10.00,-19.38,512.00,336.54,10.00,-19.38,513.00,334.62,10.00,-19.38,514.00,332.69,10.00,-19.38,515.00,330.77,10.00,-19.38,516.00,328.85,10.00,-19.38,517.00,326.92,10.00,-19.38,518.00,325.00,10.00,-19.38,519.00,323.08,10.00,-19.38,520.00,321.15,10.00,-19.38,521.00,319.23,10.00,-19.38,522.00,317.31,10.00,-19.38,523.00,315.38,10.00,-19.38,524.00,313.46,10.00,-19.38,525.00,311.54,10.00,-19.38,526.00,309.62,10.00,-19.38,527.00,307.69,10.00,-19.38,528.00,305.77,10.00,-19.38,529.00,303.85,10.00,-19.38,530.00,301.92,10.00,-19.38,531.00,300.00,10.00,-19.38,532.00,298.08,10.00,-19.38,533.00,296.15,10.00,-19.38,534.00,294.23,10.00,-19.38,535.00,292.31,10.00,-19.38,536.00,290.38,10.00,-19.38,537.00,288.46,10.00,-19.38,538.00,286.54,10.00,-19.38,539.00,284.62,10.00,-19.38
20.00,1.00,519.00,323.08,10.00,-19.38,520.00,321.15,10.00,-19.38,521.00,319.23,10.00,-19.38,522.00,317.31,10.00,-19.38,523.00,315.38,10.00,-19.38,524.00,313.46,10.00,-19.38,525.00,311.54,10.00,-19.38,526.00,309.62,10.00,-19.38,527.00,307.69,10.00,-19.38,528.00,305.77,10.00,-19.38,529.00,303.85,10.00,-19.38,530.00,301.92,10.00,-19.38,531.00,300.00,10.00,-19.38,532.00,298.08,10.00,-19.38,533.00,296.15,10.00,-19.38,534.00,294.23,10.00,-19.38,535.00,292.31,10.00,-19.38,536.00,290.38,10.00,-19.38,537.00,288.46,10.00,-19.38,538.00,286.54,10.00,-19.38,539.00,284.62,10.00,-19.38,540.00,282.69,10.00,-19.38,541.00,280.77,10.00,-19.38,542.00,278.85,10.00,-19.38,543.00,276.92,10.00,-19.38,544.00,275.00,10.00,-19.38,544.00,273.08,10.00,-19.38,545.00,271.15,10.00,-19.38,546.00,269.23,10.00,-19.38,547.00,267.31,10.00,-19.38,548.00,265.38,10.00,-19.38
20.00,1.00,529.00,303.85,10.00,-19.38,530.00,301.92,10.00,-19.38,531.00,300.00,10.00,-19.38,532.00,298.08,10.00,-19.38,533.00,296.15,10.00,-19.38,534.00,294.23,10.00,-19.38,535.00,292.31,10.00,-19.38,536.00,290.38,10.00,-19.38,537.00,288.46,10.00,-19.38,538.00,286.54,10.00,-19.38,539.00,284.62,10.00,-19.38,540.00,282.69,10.00,-19.38,541.00,280.77,10.00,-19.38,542.00,278.85,10.00,-19.38,543.00,276.92,10.00,-19.38,544.00,275.00,10.00,-19.38,544.00,273.08,10.00,-19.38,545.00,271.15,10.00,-19.38,546.00,269.23,10.00,-19.38,547.00,267.31,10.00,-19.38,548.00,265.38,10.00,-19.38,549.00,263.46,10.00,-19.38,550.00,261.54,10.00,-19.38,551.00,259.62,10.00,-19.38,552.00,257.69,10.00,-19.38,553.00,255.77,10.00,-19.38,554.00,253.85,10.00,-19.38,555.00,251.92,10.00,-19.38,556.00,250.00,10.00,-19.38,557.00,248.08,10.00,-19.38,558.00,246.15,10.00,-19.38
20.00,1.00,539.00,284.62,10.00,-19.38,540.00,282.69,10.00,-19.38,541.00,280.77,10.00,-19.38,542.00,278.85,10.00,-19.38,543.00,276.92,10.00,-19.38,544.00,275.00,10.00,-19.38,544.00,273.08,10.00,-19.38,545.00,271.15,10.00,-19.38,546.00,269.23,10.00,-19.38,547.00,267.31,10.00,-19.38,548.00,265.38,10.00,-19.38,549.00,263.46,10.00,-19.38,550.00,261.54,10.00,-19.38,551.00,259.62,10.00,-19.38,552.00,257.69,10.00,-19.38,553.00,255.77,10.00,-19.38,554.00,253.85,10.00,-19.38,555.00,251.92,10.00,-19.38,556.00,250.00,10.00,-19.38,557.00,248.08,10.00,-19.38,558.00,246.15,10.00,-19.38,559.00,244.23,10.00,-19.38,560.00,242.31,10.00,-19.38,561.00,240.38,10.00,-19.38,562.00,238.46,10.00,-19.38,563.00,236.54,10.00,-19.38,564.00,234.62,10.00,-19.38,565.00,232.69,10.00,-19.38,566.00,230.77,10.00,-19.38,567.00,228.85,10.00,-19.38,568.00,226.92,10.00,-19.38
20.00,1.00,548.00,265.38,10.00,-19.38,549.00,263.46,10.00,-19.38,550.00,261.54,10.00,-19.38,551.00,259.62,10.00,-19.38,552.00,257.69,10.00,-19.38,553.00,255.77,10.00,-19.38,554.00,253.85,10.00,-19.38,555.00,251.92,10.00,-19.38,556.00,250.00,10.00,-19.38,557.00,248.08,10.00,-19.38,558.00,246.15,10.00,-19.38,559.00,244.23,10.00,-19.38,560.00,242.31,10.00,-19.38,561.00,240.38,10.00,-19.38,562.00,238.46,10.00,-19.38,563.00,236.54,10.00,-19.38,564.00,234.62,10.00,-19.38,565.00,232.69,10.00,-19.38,566.00,230.77,10.00,-19.38,567.00,228.85,10.00,-19.38,568.00,226.92,10.00,-19.38,569.00,225.00,10.00,-19.38,570.00,223.08,10.00,-19.38,571.00,221.15,10.00,-19.38,572.00,219.23,10.00,-19.38,573.00,217.31,10.00,-19.38,574.00,215.38,10.00,-19.38,575.00,213.46,10.00,-19.38,576.00,211.54,10.00,-19.38,577.00,209.62,10.00,-19.38,578.00,207.69,10.00,-19.38
20.00,1.00,558.00,246.15,10.00,-19.38,559.00,244.23,10.00,-19.38,560.00,242.31,10.00,-19.38,561.00,240.38,10.00,-19.38,562.00,238.46,10.00,-19.38,563.00,236.54,10.00,-19.38,564.00,234.62,10.00,-19.38,565.00,232.69,10.00,-19.38,566.00,230.77,10.00,-19.38,567.00,228.85,10.00,-19.38,568.00,226.92,10.00,-19.38,569.00,225.00,10.00,-19.38,570.00,223.08,10.00,-19.38,571.00,221.15,10.00,-19.38,572.00,219.23,10.00,-19.38,573.00,217.31,10.00,-19.38,574.00,215.38,10.00,-19.38,575.00,213.46,10.00,-19.38,576.00,211.54,10.00,-19.38,577.00,209.62,10.00,-19.38,578.00,207.69,10.00,-19.38,579.00,205.77,10.00,-19.38,580.00,203.85,10.00,-19.38,581.00,201.92,10.00,-19.38,582.00,200.00,10.00,-19.38,583.00,198.08,10.00,-19.38,584.00,196.15,10.00,-19.38,585.00,194.23,10.00,-19.38,586.00,192.31,10.00,-19.38,587.00,190.38,10.00,-19.38,588.00,188.46,10.00,-19.38
20.00,1.00,568.00,226.92,10.00,-19.38,569.00,225.00,10.00,-19.38,570.00,223.08,10.00,-19.38,571.00,221.15,10.00,-19.38,572.00,219.23,10.00,-19.38,573.00,217.31,10.00,-19.38,574.00,215.38,10.00,-19.38,575.00,213.46,10.00,-19.38,576.00,211.54,10.00,-19.38,577.00,209.62,10.00,-19.38,578.00,207.69,10.00,-19.38,579.00,205.77,10.00,-19.38,580.00,203.85,10.00,-19.38,581.00,201.92,10.00,-19.38,582.00,200.00,10.00,-19.38,583.00,198.08,10.00,-19.38,584.00,196.15,10.00,-19.38,585.00,194.23,10.00,-19.38,586.00,192.31,10.00,-19.38,587.00,190.38,10.00,-19.38,588.00,188.46,10.00,-19.38,589.00,186.54,10.00,-19.38,590.00,184.62,10.00,-19.38,591.00,182.69,10.00,-19.38,592.00,180.77,10.00,-19.38,593.00,178.85,10.00,-19.38,594.00,176.92,10.00,-19.38,595.00,175.00,10.00,-19.38,596.00,173.08,10.00,-19.38,597.00,171.15,10.00,-19.38,598.00,169.23,10.00,-19.38
20.00,1.00,578.00,207.69,10.00,-19.38,579.00,205.77,10.00,-19.38,580.00,203.85,10.00,-19.38,581.00,201.92,10.00,-19.38,582.00,200.00,10.00,-19.38,583.00,198.08,10.00,-19.38,584.00,196.15,10.00,-19.38,585.00,194.23,10.00,-19.38,586.00,192.31,10.00,-19.38,587.00,190.38,10.00,-19.38,588.00,188.46,10.00,-19.38,589.00,186.54,10.00,-19.38,590.00,184.62,10.00,-19.38,591.00,182.69,10.00,-19.38,592.00,180.77,10.00,-19.38,593.00,178.85,10.00,-19.38,594.00,176.92,10.00,-19.38,595.00,175.00,10.00,-19.38,596.00,173.08,10.00,-19.38,597.00,171.15,10.00,-19.38,598.00,169.23,10.00,-19.38,599.00,167.31,10.00,-19.38,600.00,165.38,10.00,-19.38,601.00,163.46,10.00,-19.38,602.00,161.54,10.00,-19.38,603.00,159.62,10.00,-19.38,604.00,157.69,10.00,-19.38,605.00,155.77,10.00,-19.38,606.00,153.85,10.00,-19.38,607.00,151.92,10.00,-19.38,608.00,150.00,10.00,-19.38
21.00,1.00,470.00,670.00,10.00,-26.88,471.00,667.31,10.00,-26.88,472.00,664.62,10.00,-26.88,473.00,661.94,10.00,-26.88,474.00,659.25,10.00,-26.88,475.00,656.56,10.00,-26.88,476.00,653.88,10.00,-26.88,477.00,651.19,10.00,-26.88,478.00,648.50,10.00,-26.88,479.00,645.81,10.00,-26.88,480.00,643.12,10.00,-26.88,481.00,640.44,10.00,-26.88,482.00,637.75,10.00,-26.88,483.00,635.06,10.00,-26.88,484.00,632.38,10.00,-26.88,485.00,629.69,10.00,-26.88,486.00,627.00,10.00,-26.88,487.00,624.31,10.00,-26.88,488.00,621.62,10.00,-26.88,489.00,618.94,10.00,-26.88,490.00,616.25,10.00,-26.88,491.00,613.56,10.00,-26.88,492.00,610.88,10.00,-26.88,493.00,608.19,10.00,-26.88,494.00,605.50,10.00,-26.88,495.00,602.81,10.00,-26.88,496.00,600.12,10.00,-26.88,497.00,597.44,10.00,-26.88,498.00,594.75,10.00,-26.88,499.00,592.06,10.00,-26.88,500.00,589.38,10.00,-26.88
21.00,1.00,480.00,643.12,10.00,-26.88,481.00,640.44,10.00,-26.88,482.00,637.75,10.00,-26.88,483.00,635.06,10.00,-26.88,484.00,632.38,10.00,-26.88,485.00,629.69,10.00,-26.88,486.00,627.00,10.00,-26.88,487.00,624.31,10.00,-26.88,488.00,621.62,10.00,-26.88,489.00,618.94,10.00,-26.88,490.00,616.25,10.00,-26.88,491.00,613.56,10.00,-26.88,492.00,610.88,10.00,-26.88,493.00,608.19,10.00,-26.88,494.00,605.50,10.00,-26.88,495.00,602.81,10.00,-26.88,496.00,600.12,10.00,-26.88,497.00,597.44,10.00,-26.88,498.00,594.75,10.00,-26.88,499.00,592.06,10.00,-26.88,500.00,589.38,10.00,-26.88,501.00,586.69,10.00,-26.88,502.00,584.00,10.00,-26.88,503.00,581.31,10.00,-26.88,504.00,578.62,10.00,-26.88,505.00,575.94,10.00,-26.88,506.00,573.25,10.00,-26.88,507.00,570.56,10.00,-26.88,508.00,567.88,10.00,-26.88,509.00,565.19,10.00,-26.88,510.00,562.50,10.00,-26.88
21.00,1.00,490.00,616.25,10.00,-26.88,491.00,613.56,10.00,-26.88,492.00,610.88,10.00,-26.88,493.00,608.19,10.00,-26.88,494.00,605.50,10.00,-26.88,495.00,602.81,10.00,-26.88,496.00,600.12,10.00,-26.88,497.00,597.44,10.00,-26.88,498.00,594.75,10.00,-26.88,499.00,592.06,10.00,-26.88,500.00,589.38,10.00,-26.88,501.00,586.69,10.00,-26.88,502.00,584.00,10.00,-26.88,503.00,581.31,10.00,-26.88,504.00,578.62,10.00,-26.88,505.00,575.94,10.00,-26.88,506.00,573.25,10.00,-26.88,507.00,570.56,10.00,-26.88,508.00,567.88,10.00,-26.88,509.00,565.19,10.00,-26.88,510.00,562.50,10.00,-26.88,511.00,559.81,10.00,-26.88,512.00,557.12,10.00,-26.88,513.00,554.44,10.00,-26.88,514.00,551.75,10.00,-26.88,515.00,549.06,10.00,-26.88,516.00,546.38,10.00,-26.88,517.00,543.69,10.00,-26.88,518.00,541.00,10.00,-26.88,519.00,538.31,10.00,-26.88,520.00,535.62,10.00,-26.88
21.00,1.00,500.00,589.38,10.00,-26.88,501.00,586.69,10.00,-26.88,502.00,584.00,10.00,-26.88,503.00,581.31,10.00,-26.88,504.00,578.62,10.00,-26.88,505.00,575.94,10.00,-26.88,506.00,573.25,10.00,-26.88,507.00,570.56,10.00,-26.88,508.00,567.88,10.00,-26.88,509.00,565.19,10.00,-26.88,510.00,562.50,10.00,-26.88,511.00,559.81,10.00,-26.88,512.00,557.12,10.00,-26.88,513.00,554.44,10.00,-26.88,514.00,551.75,10.00,-26.88,515.00,549.06,10.00,-26.88,516.00,546.38,10.00,-26.88,517.00,543.69,10.00,-26.88,518.00,541.00,10.00,-26.88,519.00,538.31,10.00,-26.88,520.00,535.62,10.00,-26.88,521.00,532.94,10.00,-26.88,522.00,530.25,10.00,-26.88,523.00,527.56,10.00,-26.88,524.00,524.88,10.00,-26.88,525.00,522.19,10.00,-26.88,526.00,519.50,10.00,-26.88,527.00,516.81,10.00,-26.88,528.00,514.12,10.00,-26.88,529.00,511.44,10.00,-26.88,530.00,508.75,10.00,-26.88
21.00,1.00,510.00,562.50,10.00,-26.88,511.00,559.81,10.00,-26.88,512.00,557.12,10.00,-26.88,513.00,554.44,10.00,-26.88,514.00,551.75,10.00,-26.88,515.00,549.06,10.00,-26.88,516.00,546.38,10.00,-26.88,517.00,543.69,10.00,-26.88,518.00,541.00,10.00,-26.88,519.00,538.31,10.00,-26.88,520.00,535.62,10.00,-26.88,521.00,532.94,10.00,-26.88,522.00,530.25,10.00,-26.88,523.00,527.56,10.00,-26.88,524.00,524.88,10.00,-26.88,525.00,522.19,10.00,-26.88,526.00,519.50,10.00,-26.88,527.00,516.81,10.00,-26.88,528.00,514.12,10.00,-26.88,529.00,511.44,10.00,-26.88,530.00,508.75,10.00,-26.88,531.00,506.06,10.00,-26.88,532.00,503.38,10.00,-26.88,533.00,500.69,10.00,-26.88,534.00,498.00,10.00,-26.88,535.00,495.31,10.00,-26.88,536.00,492.62,10.00,-26.88,537.00,489.94,10.00,-26.88,538.00,487.25,10.00,-26.88,539.00,484.56,10.00,-26.88,540.00,481.88,10.00,-26.88
21.00,1.00,520.00,535.62,10.00,-26.88,521.00,532.94,10.00,-26.88,522.00,530.25,10.00,-26.88,523.00,527.56,10.00,-26.88,524.00,524.88,10.00,-26.88,525.00,522.19,10.00,-26.88,526.00,519.50,10.00,-26.88,527.00,516.81,10.00,-26.88,528.00,514.12,10.00,-26.88,529.00,511.44,10.00,-26.88,530.00,508.75,10.00,-26.88,531.00,506.06,10.00,-26.88,532.00,503.38,10.00,-26.88,533.00,500.69,10.00,-26.88,534.00,498.00,10.00,-26.88,535.00,495.31,10.00,-26.88,536.00,492.62,10.00,-26.88,537.00,489.94,10.00,-26.88,538.00,487.25,10.00,-26.88,539.00,484.56,10.00,-26.88,540.00,481.88,10.00,-26.88,541.00,479.19,10.00,-26.88,542.00,476.50,10.00,-26.88,543.00,473.81,10.00,-26.88,544.00,471.12,10.00,-26.88,545.00,468.44,10.00,-26.88,546.00,465.75,10.00,-26.88,547.00,463.06,10.00,-26.88,548.00,460.38,10.00,-26.88,549.00,457.69,10.00,-26.88,550.00,455.00,10.00,-26.88
21.00,1.00,530.00,508.75,10.00,-26.88,531.00,506.06,10.00,-26.88,532.00,503.38,10.00,-26.88,533.00,500.69,10.00,-26.88,534.00,498.00,10.00,-26.88,535.00,495.31,10.00,-26.88,536.00,492.62,10.00,-26.88,537.00,489.94,10.00,-26.88,538.00,487.25,10.00,-26.88,539.00,484.56,10.00,-26.88,540.00,481.88,10.00,-26.88,541.00,479.19,10.00,-26.88,542.00,476.50,10.00,-26.88,543.00,473.81,10.00,-26.88,544.00,471.12,10.00,-26.88,545.00,468.44,10.00,-26.88,546.00,465.75,10.00,-26.88,547.00,463.06,10.00,-26.88,548.00,460.38,10.00,-26.88,549.00,457.69,10.00,-26.88,550.00,455.00,10.00,-26.88,551.00,452.31,10.00,-26.88,552.00,449.62,10.00,-26.88,553.00,446.94,10.00,-26.88,554.00,444.25,10.00,-26.88,555.00,441.56,10.00,-26.88,556.00,438.88,10.00,-26.88,557.00,436.19,10.00,-26.88,558.00,433.50,10.00,-26.88,559.00,430.81,10.00,-26.88,560.00,428.12,10.00,-26.88
21.00,1.00,540.00,481.88,10.00,-26.88,541.00,479.19,10.00,-26.88,542.00,476.50,10.00,-26.88,543.00,473.81,10.00,-26.88,544.00,471.12,10.00,-26.88,545.00,468.44,10.00,-26.88,546.00,465.75,10.00,-26.88,547.00,463.06,10.00,-26.88,548.00,460.38,10.00,-26.88,549.00,457.69,10.00,-26.88,550.00,455.00,10.00,-26.88,551.00,452.31,10.00,-26.88,552.00,449.62,10.00,-26.88,553.00,446.94,10.00,-26.88,554.00,444.25,10.00,-26.88,555.00,441.56,10.00,-26.88,556.00,438.88,10.00,-26.88,557.00,436.19,10.00,-26.88,558.00,433.50,10.00,-26.88,559.00,430.81,10.00,-26.88,560.00,428.12,10.00,-26.88,561.00,425.44,10.00,-26.88,562.00,422.75,10.00,-26.88,563.00,420.06,10.00,-26.88,564.00,417.38,10.00,-26.88,565.00,414.69,10.00,-26.88,566.00,412.00,10.00,-26.88,567.00,409.31,10.00,-26.88,568.00,406.62,10.00,-26.88,569.00,403.94,10.00,-26.88,570.00,401.25,10.00,-26.88
21.00,1.00,550.00,455.00,10.00,-26.88,551.00,452.31,10.00,-26.88,552.00,449.62,10.00,-26.88,553.00,446.94,10.00,-26.88,554.00,444.25,10.00,-26.88,555.00,441.56,10.00,-26.88,556.00,438.88,10.00,-26.88,557.00,436.19,10.00,-26.88,558.00,433.50,10.00,-26.88,559.00,430.81,10.00,-26.88,560.00,428.12,10.00,-26.88,561.00,425.44,10.00,-26.88,562.00,422.75,10.00,-26.88,563.00,420.06,10.00,-26.88,564.00,417.38,10.00,-26.88,565.00,414.69,10.00,-26.88,566.00,412.00,10.00,-26.88,567.00,409.31,10.00,-26.88,568.00,406.62,10.00,-26.88,569.00,403.94,10.00,-26.88,570.00,401.25,10.00,-26.88,571.00,398.56,10.00,-26.88,572.00,395.88,10.00,-26.88,573.00,393.19,10.00,-26.88,574.00,390.50,10.00,-26.88,575.00,387.81,10.00,-26.88,576.00,385.12,10.00,-26.88,577.00,382.44,10.00,-26.88,578.00,379.75,10.00,-26.88,579.00,377.06,10.00,-26.88,580.00,374.38,10.00,-26.88
21.00,1.00,560.00,428.12,10.00,-26.88,561.00,425.44,10.00,-26.88,562.00,422.75,10.00,-26.88,563.00,420.06,10.00,-26.88,564.00,417.38,10.00,-26.88,565.00,414.69,10.00,-26.88,566.00,412.00,10.00,-26.88,567.00,409.31,10.00,-26.88,568.00,406.62,10.00,-26.88,569.00,403.94,10.00,-26.88,570.00,401.25,10.00,-26.88,571.00,398.56,10.00,-26.88,572.00,395.88,10.00,-26.88,573.00,393.19,10.00,-26.88,574.00,390.50,10.00,-26.88,575.00,387.81,10.00,-26.88,576.00,385.12,10.00,-26.88,577.00,382.44,10.00,-26.88,578.00,379.75,10.00,-26.88,579.00,377.06,10.00,-26.88,580.00,374.38,10.00,-26.88,581.00,371.69,10.00,-26.88,582.00,369.00,10.00,-26.88,583.00,366.31,10.00,-26.88,584.00,363.62,10.00,-26.88,585.00,360.94,10.00,-26.88,586.00,358.25,10.00,-26.88,587.00,355.56,10.00,-26.88,588.00,352.88,10.00,-26.88,589.00,350.19,10.00,-26.88,590.00,347.50,10.00,-26.88
21.00,1.00,570.00,401.25,10.00,-26.88,571.00,398.56,10.00,-26.88,572.00,395.88,10.00,-26.88,573.00,393.19,10.00,-26.88,574.00,390.50,10.00,-26.88,575.00,387.81,10.00,-26.88,576.00,385.12,10.00,-26.88,577.00,382.44,10.00,-26.88,578.00,379.75,10.00,-26.88,579.00,377.06,10.00,-26.88,580.00,374.38,10.00,-26.88,581.00,371.69,10.00,-26.88,582.00,369.00,10.00,-26.88,583.00,366.31,10.00,-26.88,584.00,363.62,10.00,-26.88,585.00,360.94,10.00,-26.88,586.00,358.25,10.00,-26.88,587.00,355.56,10.00,-26.88,588.00,352.88,10.00,-26.88,589.00,350.19,10.00,-26.88,590.00,347.50,10.00,-26.88,591.00,344.81,10.00,-26.88,592.00,342.12,10.00,-26.88,593.00,339.44,10.00,-26.88,594.00,336.75,10.00,-26.88,595.00,334.06,10.00,-26.88,596.00,331.38,10.00,-26.88,597.00,328.69,10.00,-26.88,598.00,326.00,10.00,-26.88,599.00,323.31,10.00,-26.88,600.00,320.62,10.00,-26.88
21.00,1.00,580.00,374.38,10.00,-26.88,581.00,371.69,10.00,-26.88,582.00,369.00,10.00,-26.88,583.00,366.31,10.00,-26.88,584.00,363.62,10.00,-26.88,585.00,360.94,10.00,-26.88,586.00,358.25,10.00,-26.88,587.00,355.56,10.00,-26.88,588.00,352.88,10.00,-26.88,589.00,350.19,10.00,-26.88,590.00,347.50,10.00,-26.88,591.00,344.81,10.00,-26.88,592.00,342.12,10.00,-26.88,593.00,339.44,10.00,-26.88,594.00,336.75,10.00,-26.88,595.00,334.06,10.00,-26.88,596.00,331.38,10.00,-26.88,597.00,328.69,10.00,-26.88,598.00,326.00,10.00,-26.88,599.00,323.31,10.00,-26.88,600.00,320.62,10.00,-26.88,601.00,317.94,10.00,-26.88,602.00,315.25,10.00,-26.88,603.00,312.56,10.00,-26.88,604.00,309.88,10.00,-26.88,605.00,307.19,10.00,-26.88,606.00,304.50,10.00,-26.88,607.00,301.81,10.00,-26.88,608.00,299.12,10.00,-26.88,609.00,296.44,10.00,-26.88,610.00,293.75,10.00,-26.88
21.00,1.00,590.00,347.50,10.00,-26.88,591.00,344.81,10.00,-26.88,592.00,342.12,10.00,-26.88,593.00,339.44,10.00,-26.88,594.00,336.75,10.00,-26.88,595.00,334.06,10.00,-26.88,596.00,331.38,10.00,-26.88,597.00,328.69,10.00,-26.88,598.00,326.00,10.00,-26.88,599.00,323.31,10.00,-26.88,600.00,320.62,10.00,-26.88,601.00,317.94,10.00,-26.88,602.00,315.25,10.00,-26.88,603.00,312.56,10.00,-26.88,604.00,309.88,10.00,-26.88,605.00,307.19,10.00,-26.88,606.00,304.50,10.00,-26.88,607.00,301.81,10.00,-26.88,608.00,299.12,10.00,-26.88,609.00,296.44,10.00,-26.88,610.00,293.75,10.00,-26.88,611.00,291.06,10.00,-26.88,612.00,288.38,10.00,-26.88,613.00,285.69,10.00,-26.88,614.00,283.00,10.00,-26.88,615.00,280.31,10.00,-26.88,616.00,277.62,10.00,-26.88,617.00,274.94,10.00,-26.88,618.00,272.25,10.00,-26.88,619.00,269.56,10.00,-26.88,620.00,266.88,10.00,-26.88
21.00,1.00,600.00,320.62,10.00,-26.88,601.00,317.94,10.00,-26.88,602.00,315.25,10.00,-26.88,603.00,312.56,10.00,-26.88,604.00,309.88,10.00,-26.88,605.00,307.19,10.00,-26.88,606.00,304.50,10.00,-26.88,607.00,301.81,10.00,-26.88,608.00,299.12,10.00,-26.88,609.00,296.44,10.00,-26.88,610.00,293.75,10.00,-26.88,611.00,291.06,10.00,-26.88,612.00,288.38,10.00,-26.88,613.00,285.69,10.00,-26.88,614.00,283.00,10.00,-26.88,615.00,280.31,10.00,-26.88,616.00,277.62,10.00,-26.88,617.00,274.94,10.00,-26.88,618.00,272.25,10.00,-26.88,619.00,269.56,10.00,-26.88,620.00,266.88,10.00,-26.88,621.00,264.19,10.00,-26.88,622.00,261.50,10.00,-26.88,623.00,258.81,10.00,-26.88,624.00,256.12,10.00,-26.88,625.00,253.44,10.00,-26.88,626.00,250.75,10.00,-26.88,627.00,248.06,10.00,-26.88,628.00,245.38,10.00,-26.88,629.00,242.69,10.00,-26.88,630.00,240.00,10.00,-26.88
22.00,1.00,690.00,160.00,-10.00,32.68,689.00,163.08,-10.00,32.68,688.00,166.27,-10.00,32.68,687.00,169.37,-10.00,32.68,686.00,172.50,-10.00,32.68,685.00,175.62,-10.00,32.68,684.00,178.75,-10.00,32.68,683.00,181.87,-10.00,32.68,682.00,185.00,-10.00,32.68,681.00,188.12,-10.00,32.68,680.00,191.25,-10.00,32.68,679.00,194.37,-10.00,32.68,679.00,197.50,-10.00,32.68,678.00,200.62,-10.00,32.68,677.00,203.75,-10.00,32.68,676.00,206.87,-10.00,32.68,675.00,210.00,-10.00,32.68,674.00,213.12,-10.00,32.68,673.00,216.25,-10.00,32.68,672.00,219.37,-10.00,32.68,671.00,222.50,-10.00,32.68,670.00,225.62,-10.00,32.68,669.00,228.75,-10.00,32.68,668.00,231.87,-10.00,32.68,667.00,235.00,-10.00,32.68,666.00,238.13,-10.00,32.68,665.00,241.25,-10.00,32.68,664.00,244.38,-10.00,32.68,663.00,247.50,-10.00,32.68,662.00,250.63,-10.00,32.68,661.00,253.75,-10.00,32.68
22.00,1.00,680.00,191.25,-10.00,32.68,679.00,194.37,-10.00,32.68,679.00,197.50,-10.00,32.68,678.00,200.62,-10.00,32.68,677.00,203.75,-10.00,32.68,676.00,206.87,-10.00,32.68,675.00,210.00,-10.00,32.68,674.00,213.12,-10.00,32.68,673.00,216.25,-10.00,32.68,672.00,219.37,-10.00,32.68,671.00,222.50,-10.00,32.68,670.00,225.62,-10.00,32.68,669.00,228.75,-10.00,32.68,668.00,231.87,-10.00,32.68,667.00,235.00,-10.00,32.68,666.00,238.13,-10.00,32.68,665.00,241.25,-10.00,32.68,664.00,244.38,-10.00,32.68,663.00,247.50,-10.00,32.68,662.00,250.63,-10.00,32.68,661.00,253.75,-10.00,32.68,660.00,256.87,-10.00,32.68,659.00,260.00,-10.00,32.68,658.00,263.13,-10.00,32.68,657.00,266.25,-10.00,32.68,657.00,269.38,-10.00,32.68,656.00,272.50,-10.00,32.68,655.00,275.63,-10.00,32.68,654.00,278.75,-10.00,32.68,653.00,281.87,-10.00,32.68,652.00,285.00,-10.00,32.68
22.00,1.00,671.00,222.50,-10.00,32.68,670.00,225.62,-10.00,32.68,669.00,228.75,-10.00,32.68,668.00,231.87,-10.00,32.68,667.00,235.00,-10.00,32.68,666.00,238.13,-10.00,32.68,665.00,241.25,-10.00,32.68,664.00,244.38,-10.00,32.68,663.00,247.50,-10.00,32.68,662.00,250.63,-10.00,32.68,661.00,253.75,-10.00,32.68,660.00,256.87,-10.00,32.68,659.00,260.00,-10.00,32.68,658.00,263.13,-10.00,32.68,657.00,266.25,-10.00,32.68,657.00,269.38,-10.00,32.68,656.00,272.50,-10.00,32.68,655.00,275.63,-10.00,32.68,654.00,278.75,-10.00,32.68,653.00,281.87,-10.00,32.68,652.00,285.00,-10.00,32.68,651.00,288.13,-10.00,32.68,650.00,291.25,-10.00,32.68,649.00,294.38,-10.00,32.68,648.00,297.50,-10.00,32.68,647.00,300.63,-10.00,32.68,646.00,303.75,-10.00,32.68,645.00,306.88,-10.00,32.68,644.00,310.00,-10.00,32.68,643.00,313.13,-10.00,32.68,642.00,316.25,-10.00,32.68
22.00,1.00,661.00,253.75,-10.00,32.68,660.00,256.87,-10.00,32.68,659.00,260.00,-10.00,32.68,658.00,263.13,-10.00,32.68,657.00,266.25,-10.00,32.68,657.00,269.38,-10.00,32.68,656.00,272.50,-10.00,32.68,655.00,275.63,-10.00,32.68,654.00,278.75,-10.00,32.68,653.00,281.87,-10.00,32.68,652.00,285.00,-10.00,32.68,651.00,288.13,-10.00,32.68,650.00,291.25,-10.00,32.68,649.00,294.38,-10.00,32.68,648.00,297.50,-10.00,32.68,647.00,300.63,-10.00,32.68,646.00,303.75,-10.00,32.68,645.00,306.88,-10.00,32.68,644.00,310.00,-10.00,32.68,643.00,313.13,-10.00,32.68,642.00,316.25,-10.00,32.68,641.00,319.38,-10.00,32.68,640.00,322.50,-10.00,32.68,639.00,325.63,-10.00,32.68,638.00,328.75,-10.00,32.68,637.00,331.87,-10.00,32.68,636.00,335.00,-10.00,32.68,635.00,338.12,-10.00,32.68,635.00,341.25,-10.00,32.68,634.00,344.38,-10.00,32.68,633.00,347.50,-10.00,32.68
22.00,1.00,652.00,285.00,-10.00,32.68,651.00,288.13,-10.00,32.68,650.00,291.25,-10.00,32.68,649.00,294.38,-10.00,32.68,648.00,297.50,-10.00,32.68,647.00,300.63,-10.00,32.68,646.00,303.75,-10.00,32.68,645.00,306.88,-10.00,32.68,644.00,310.00,-10.00,32.68,643.00,313.13,-10.00,32.68,642.00,316.25,-10.00,32.68,641.00,319.38,-10.00,32.68,640.00,322.50,-10.00,32.68,639.00,325.63,-10.00,32.68,638.00,328.75,-10.00,32.68,637.00,331.87,-10.00,32.68,636.00,335.00,-10.00,32.68,635.00,338.12,-10.00,32.68,635.00,341.25,-10.00,32.68,634.00,344.38,-10.00,32.68,633.00,347.50,-10.00,32.68,632.00,350.63,-10.00,32.68,631.00,353.75,-10.00,32.68,630.00,356.88,-10.00,32.68,629.00,360.00,-10.00,32.68,628.00,363.13,-10.00,32.68,627.00,366.25,-10.00,32.68,626.00,369.38,-10.00,32.68,625.00,372.50,-10.00,32.68,624.00,375.63,-10.00,32.68,623.00,378.75,-10.00,32.68
22.00,1.00,642.00,316.25,-10.00,32.68,641.00,319.38,-10.00,32.68,640.00,322.50,-10.00,32.68,639.00,325.63,-10.00,32.68,638.00,328.75,-10.00,32.68,637.00,331.87,-10.00,32.68,636.00,335.00,-10.00,32.68,635.00,338.12,-10.00,32.68,635.00,341.25,-10.00,32.68,634.00,344.38,-10.00,32.68,633.00,347.50,-10.00,32.68,632.00,350.63,-10.00,32.68,631.00,353.75,-10.00,32.68,630.00,356.88,-10.00,32.68,629.00,360.00,-10.00,32.68,628.00,363.13,-10.00,32.68,627.00,366.25,-10.00,32.68,626.00,369.38,-10.00,32.68,625.00,372.50,-10.00,32.68,624.00,375.63,-10.00,32.68,623.00,378.75,-10.00,32.68,622.00,381.88,-10.00,32.68,621.00,385.00,-10.00,32.68,620.00,388.13,-10.00,32.68,619.00,391.25,-10.00,32.68,618.00,394.38,-10.00,32.68,617.00,397.50,-10.00,32.68,616.00,400.63,-10.00,32.68,615.00,403.75,-10.00,32.68,614.00,406.88,-10.00,32.68,614.00,410.00,-10.00,32.68
22.00,1.00,633.00,347.50,-10.00,32.68,632.00,350.63,-10.00,32.68,631.00,353.75,-10.00,32.68,630.00,356.88,-10.00,32.68,629.00,360.00,-10.00,32.68,628.00,363.13,-10.00,32.68,627.00,366.25,-10.00,32.68,626.00,369.38,-10.00,32.68,625.00,372.50,-10.00,32.68,624.00,375.63,-10.00,32.68,623.00,378.75,-10.00,32.68,622.00,381.88,-10.00,32.68,621.00,385.00,-10.00,32.68,620.00,388.13,-10.00,32.68,619.00,391.25,-10.00,32.68,618.00,394.38,-10.00,32.68,617.00,397.50,-10.00,32.68,616.00,400.63,-10.00,32.68,615.00,403.75,-10.00,32.68,614.00,406.88,-10.00,32.68,614.00,410.00,-10.00,32.68,613.00,413.13,-10.00,32.68,612.00,416.25,-10.00,32.68,611.00,419.38,-10.00,32.68,610.00,422.50,-10.00,32.68,609.00,425.63,-10.00,32.68,608.00,428.75,-10.00,32.68,607.00,431.88,-10.00,32.68,606.00,435.00,-10.00,32.68,605.00,438.13,-10.00,32.68,604.00,441.25,-10.00,32.68
22.00,1.00,623.00,378.75,-10.00,32.68,622.00,381.88,-10.00,32.68,621.00,385.00,-10.00,32.68,620.00,388.13,-10.00,32.68,619.00,391.25,-10.00,32.68,618.00,394.38,-10.00,32.68,617.00,397.50,-10.00,32.68,616.00,400.63,-10.00,32.68,615.00,403.75,-10.00,32.68,614.00,406.88,-10.00,32.68,614.00,410.00,-10.00,32.68,613.00,413.13,-10.00,32.68,612.00,416.25,-10.00,32.68,611.00,419.38,-10.00,32.68,610.00,422.50,-10.00,32.68,609.00,425.63,-10.00,32.68,608.00,428.75,-10.00,32.68,607.00,431.88,-10.00,32.68,606.00,435.00,-10.00,32.68,605.00,438.13,-10.00,32.68,604.00,441.25,-10.00,32.68,603.00,444.38,-10.00,32.68,602.00,447.50,-10.00,32.68,601.00,450.63,-10.00,32.68,600.00,453.75,-10.00,32.68,599.00,456.88,-10.00,32.68,598.00,460.00,-10.00,32.68,597.00,463.13,-10.00,32.68,596.00,466.25,-10.00,32.68,595.00,469.38,-10.00,32.68,594.00,472.50,-10.00,32.68
22.00,1.00,614.00,410.00,-10.00,32.68,613.00,413.13,-10.00,32.68,612.00,416.25,-10.00,32.68,611.00,419.38,-10.00,32.68,610.00,422.50,-10.00,32.68,609.00,425.63,-10.00,32.68,608.00,428.75,-10.00,32.68,607.00,431.88,-10.00,32.68,606.00,435.00,-10.00,32.68,605.00,438.13,-10.00,32.68,604.00,441.25,-10.00,32.68,603.00,444.38,-10.00,32.68,602.00,447.50,-10.00,32.68,601.00,450.63,-10.00,32.68,600.00,453.75,-10.00,32.68,599.00,456.88,-10.00,32.68,598.00,460.00,-10.00,32.68,597.00,463.13,-10.00,32.68,596.00,466.25,-10.00,32.68,595.00,469.38,-10.00,32.68,594.00,472.50,-10.00,32.68,593.00,475.63,-10.00,32.68,592.00,478.75,-10.00,32.68,592.00,481.88,-10.00,32.68,591.00,485.00,-10.00,32.68,590.00,488.12,-10.00,32.68,589.00,491.25,-10.00,32.68,588.00,494.38,-10.00,32.68,587.00,497.50,-10.00,32.68,586.00,500.63,-10.00,32.68,585.00,503.75,-10.00,32.68
22.00,1.00,604.00,441.25,-10.00,32.68,603.00,444.38,-10.00,32.68,602.00,447.50,-10.00,32.68,601.00,450.63,-10.00,32.68,600.00,453.75,-10.00,32.68,599.00,456.88,-10.00,32.68,598.00,460.00,-10.00,32.68,597.00,463.13,-10.00,32.68,596.00,466.25,-10.00,32.68,595.00,469.38,-10.00,32.68,594.00,472.50,-10.00,32.68,593.00,475.63,-10.00,32.68,592.00,478.75,-10.00,32.68,592.00,481.88,-10.00,32.68,591.00,485.00,-10.00,32.68,590.00,488.12,-10.00,32.68,589.00,491.25,-10.00,32.68,588.00,494.38,-10.00,32.68,587.00,497.50,-10.00,32.68,586.00,500.63,-10.00,32.68,585.00,503.75,-10.00,32.68,584.00,506.88,-10.00,32.68,583.00,510.00,-10.00,32.68,582.00,513.12,-10.00,32.68,581.00,516.25,-10.00,32.68,580.00,519.38,-10.00,32.68,579.00,522.50,-10.00,32.68,578.00,525.63,-10.00,32.68,577.00,528.75,-10.00,32.68,576.00,531.88,-10.00,32.68,575.00,535.00,-10.00,32.68
22.00,1.00,594.00,472.50,-10.00,32.68,593.00,475.63,-10.00,32.68,592.00,478.75,-10.00,32.68,592.00,481.88,-10.00,32.68,591.00,485.00,-10.00,32.68,590.00,488.12,-10.00,32.68,589.00,491.25,-10.00,32.68,588.00,494.38,-10.00,32.68,587.00,497.50,-10.00,32.68,586.00,500.63,-10.00,32.68,585.00,503.75,-10.00,32.68,584.00,506.88,-10.00,32.68,583.00,510.00,-10.00,32.68,582.00,513.12,-10.00,32.68,581.00,516.25,-10.00,32.68,580.00,519.38,-10.00,32.68,579.00,522.50,-10.00,32.68,578.00,525.63,-10.00,32.68,577.00,528.75,-10.00,32.68,576.00,531.88,-10.00,32.68,575.00,535.00,-10.00,32.68,574.00,538.13,-10.00,32.68,573.00,541.25,-10.00,32.68,572.00,544.38,-10.00,32.68,571.00,547.50,-10.00,32.68,570.00,550.63,-10.00,32.68,570.00,553.75,-10.00,32.68,569.00,556.88,-10.00,32.68,568.00,560.00,-10.00,32.68,567.00,563.12,-10.00,32.68,566.00,566.25,-10.00,32.68
22.00,1.00,585.00,503.75,-10.00,32.68,584.00,506.88,-10.00,32.68,583.00,510.00,-10.00,32.68,582.00,513.12,-10.00,32.68,581.00,516.25,-10.00,32.68,580.00,519.38,-10.00,32.68,579.00,522.50,-10.00,32.68,578.00,525.63,-10.00,32.68,577.00,528.75,-10.00,32.68,576.00,531.88,-10.00,32.68,575.00,535.00,-10.00,32.68,574.00,538.13,-10.00,32.68,573.00,541.25,-10.00,32.68,572.00,544.38,-10.00,32.68,571.00,547.50,-10.00,32.68,570.00,550.63,-10.00,32.68,570.00,553.75,-10.00,32.68,569.00,556.88,-10.00,32.68,568.00,560.00,-10.00,32.68,567.00,563.12,-10.00,32.68,566.00,566.25,-10.00,32.68,565.00,569.38,-10.00,32.68,564.00,572.50,-10.00,32.68,563.00,575.63,-10.00,32.68,562.00,578.75,-10.00,32.68,561.00,581.88,-10.00,32.68,560.00,585.00,-10.00,32.68,559.00,588.13,-10.00,32.68,558.00,591.25,-10.00,32.68,557.00,594.38,-10.00,32.68,556.00,597.50,-10.00,32.68
22.00,1.00,575.00,535.00,-10.00,32.68,574.00,538.13,-10.00,32.68,573.00,541.25,-10.00,32.68,572.00,544.38,-10.00,32.68,571.00,547.50,-10.00,32.68,570.00,550.63,-10.00,32.68,570.00,553.75,-10.00,32.68,569.00,556.88,-10.00,32.68,568.00,560.00,-10.00,32.68,567.00,563.12,-10.00,32.68,566.00,566.25,-10.00,32.68,565.00,569.38,-10.00,32.68,564.00,572.50,-10.00,32.68,563.00,575.63,-10.00,32.68,562.00,578.75,-10.00,32.68,561.00,581.88,-10.00,32.68,560.00,585.00,-10.00,32.68,559.00,588.13,-10.00,32.68,558.00,591.25,-10.00,32.68,557.00,594.38,-10.00,32.68,556.00,597.50,-10.00,32.68,555.00,600.63,-10.00,32.68,554.00,603.75,-10.00,32.68,553.00,606.88,-10.00,32.68,552.00,610.00,-10.00,32.68,551.00,613.13,-10.00,32.68,550.00,616.25,-10.00,32.68,549.00,619.38,-10.00,32.68,548.00,622.50,-10.00,32.68,548.00,625.63,-10.00,32.68,547.00,628.75,-10.00,32.68
22.00,1.00,566.00,566.25,-10.00,32.68,565.00,569.38,-10.00,32.68,564.00,572.50,-10.00,32.68,563.00,575.63,-10.00,32.68,562.00,578.75,-10.00,32.68,561.00,581.88,-10.00,32.68,560.00,585.00,-10.00,32.68,559.00,588.13,-10.00,32.68,558.00,591.25,-10.00,32.68,557.00,594.38,-10.00,32.68,556.00,597.50,-10.00,32.68,555.00,600.63,-10.00,32.68,554.00,603.75,-10.00,32.68,553.00,606.88,-10.00,32.68,552.00,610.00,-10.00,32.68,551.00,613.13,-10.00,32.68,550.00,616.25,-10.00,32.68,549.00,619.38,-10.00,32.68,548.00,622.50,-10.00,32.68,548.00,625.63,-10.00,32.68,547.00,628.75,-10.00,32.68,546.00,631.88,-10.00,32.68,545.00,635.00,-10.00,32.68,544.00,638.13,-10.00,32.68,543.00,641.25,-10.00,32.68,542.00,644.38,-10.00,32.68,541.00,647.50,-10.00,32.68,540.00,650.63,-10.00,32.68,539.00,653.73,-10.00,32.68,538.00,656.92,-10.00,32.68,537.00,660.00,-10.00,32.68
23.00,1.00,710.00,225.00,-10.00,37.08,709.00,228.71,-10.00,37.08,708.00,232.42,-10.00,37.08,707.00,236.12,-10.00,37.08,706.00,239.83,-10.00,37.08,705.00,243.54,-10.00,37.08,704.00,247.25,-10.00,37.08,703.00,250.96,-10.00,37.08,702.00,254.67,-10.00,37.08,701.00,258.37,-10.00,37.08,700.00,262.08,-10.00,37.08,699.00,265.79,-10.00,37.08,698.00,269.50,-10.00,37.08,697.00,273.21,-10.00,37.08,696.00,276.92,-10.00,37.08,695.00,280.62,-10.00,37.08,694.00,284.33,-10.00,37.08,693.00,288.04,-10.00,37.08,692.00,291.75,-10.00,37.08,691.00,295.46,-10.00,37.08,690.00,299.17,-10.00,37.08,689.00,302.87,-10.00,37.08,688.00,306.58,-10.00,37.08,687.00,310.29,-10.00,37.08,686.00,314.00,-10.00,37.08,685.00,317.71,-10.00,37.08,684.00,321.42,-10.00,37.08,683.00,325.12,-10.00,37.08,682.00,328.83,-10.00,37.08,681.00,332.54,-10.00,37.08,680.00,336.25,-10.00,37.08
23.00,1.00,700.00,262.08,-10.00,37.08,699.00,265.79,-10.00,37.08,698.00,269.50,-10.00,37.08,697.00,273.21,-10.00,37.08,696.00,276.92,-10.00,37.08,695.00,280.62,-10.00,37.08,694.00,284.33,-10.00,37.08,693.00,288.04,-10.00,37.08,692.00,291.75,-10.00,37.08,691.00,295.46,-10.00,37.08,690.00,299.17,-10.00,37.08,689.00,302.87,-10.00,37.08,688.00,306.58,-10.00,37.08,687.00,310.29,-10.00,37.08,686.00,314.00,-10.00,37.08,685.00,317.71,-10.00,37.08,684.00,321.42,-10.00,37.08,683.00,325.12,-10.00,37.08,682.00,328.83,-10.00,37.08,681.00,332.54,-10.00,37.08,680.00,336.25,-10.00,37.08,679.00,339.96,-10.00,37.08,678.00,343.67,-10.00,37.08,677.00,347.37,-10.00,37.08,676.00,351.08,-10.00,37.08,675.00,354.79,-10.00,37.08,674.00,358.50,-10.00,37.08,673.00,362.21,-10.00,37.08,672.00,365.92,-10.00,37.08,671.00,369.62,-10.00,37.08,670.00,373.33,-10.00,37.08
23.00,1.00,690.00,299.17,-10.00,37.08,689.00,302.87,-10.00,37.08,688.00,306.58,-10.00,37.08,687.00,310.29,-10.00,37.08,686.00,314.00,-10.00,37.08,685.00,317.71,-10.00,37.08,684.00,321.42,-10.00,37.08,683.00,325.12,-10.00,37.08,682.00,328.83,-10.00,37.08,681.00,332.54,-10.00,37.08,680.00,336.25,-10.00,37.08,679.00,339.96,-10.00,37.08,678.00,343.67,-10.00,37.08,677.00,347.37,-10.00,37.08,676.00,351.08,-10.00,37.08,675.00,354.79,-10.00,37.08,674.00,358.50,-10.00,37.08,673.00,362.21,-10.00,37.08,672.00,365.92,-10.00,37.08,671.00,369.62,-10.00,37.08,670.00,373.33,-10.00,37.08,669.00,377.04,-10.00,37.08,668.00,380.75,-10.00,37.08,667.00,384.46,-10.00,37.08,666.00,388.17,-10.00,37.08,665.00,391.87,-10.00,37.08,664.00,395.58,-10.00,37.08,663.00,399.29,-10.00,37.08,662.00,403.00,-10.00,37.08,661.00,406.71,-10.00,37.08,660.00,410.42,-10.00,37.08
23.00,1.00,680.00,336.25,-10.00,37.08,679.00,339.96,-10.00,37.08,678.00,343.67,-10.00,37.08,677.00,347.37,-10.00,37.08,676.00,351.08,-10.00,37.08,675.00,354.79,-10.00,37.08,674.00,358.50,-10.00,37.08,673.00,362.21,-10.00,37.08,672.00,365.92,-10.00,37.08,671.00,369.62,-10.00,37.08,670.00,373.33,-10.00,37.08,669.00,377.04,-10.00,37.08,668.00,380.75,-10.00,37.08,667.00,384.46,-10.00,37.08,666.00,388.17,-10.00,37.08,665.00,391.87,-10.00,37.08,664.00,395.58,-10.00,37.08,663.00,399.29,-10.00,37.08,662.00,403.00,-10.00,37.08,661.00,406.71,-10.00,37.08,660.00,410.42,-10.00,37.08,659.00,414.12,-10.00,37.08,658.00,417.83,-10.00,37.08,657.00,421.54,-10.00,37.08,656.00,425.25,-10.00,37.08,655.00,428.96,-10.00,37.08,654.00,432.67,-10.00,37.08,653.00,436.37,-10.00,37.08,652.00,440.08,-10.00,37.08,651.00,443.79,-10.00,37.08,650.00,447.50,-10.00,37.08
23.00,1.00,670.00,373.33,-10.00,37.08,669.00,377.04,-10.00,37.08,668.00,380.75,-10.00,37.08,667.00,384.46,-10.00,37.08,666.00,388.17,-10.00,37.08,665.00,391.87,-10.00,37.08,664.00,395.58,-10.00,37.08,663.00,399.29,-10.00,37.08,662.00,403.00,-10.00,37.08,661.00,406.71,-10.00,37.08,660.00,410.42,-10.00,37.08,659.00,414.12,-10.00,37.08,658.00,417.83,-10.00,37.08,657.00,421.54,-10.00,37.08,656.00,425.25,-10.00,37.08,655.00,428.96,-10.00,37.08,654.00,432.67,-10.00,37.08,653.00,436.37,-10.00,37.08,652.00,440.08,-10.00,37.08,651.00,443.79,-10.00,37.08,650.00,447.50,-10.00,37.08,649.00,451.21,-10.00,37.08,648.00,454.92,-10.00,37.08,647.00,458.62,-10.00,37.08,646.00,462.33,-10.00,37.08,645.00,466.04,-10.00,37.08,644.00,469.75,-10.00,37.08,643.00,473.46,-10.00,37.08,642.00,477.17,-10.00,37.08,641.00,480.87,-10.00,37.08,640.00,484.58,-10.00,37.08
23.00,1.00,660.00,410.42,-10.00,37.08,659.00,414.12,-10.00,37.08,658.00,417.83,-10.00,37.08,657.00,421.54,-10.00,37.08,656.00,425.25,-10.00,37.08,655.00,428.96,-10.00,37.08,654.00,432.67,-10.00,37.08,653.00,436.37,-10.00,37.08,652.00,440.08,-10.00,37.08,651.00,443.79,-10.00,37.08,650.00,447.50,-10.00,37.08,649.00,451.21,-10.00,37.08,648.00,454.92,-10.00,37.08,647.00,458.62,-10.00,37.08,646.00,462.33,-10.00,37.08,645.00,466.04,-10.00,37.08,644.00,469.75,-10.00,37.08,643.00,473.46,-10.00,37.08,642.00,477.17,-10.00,37.08,641.00,480.87,-10.00,37.08,640.00,484.58,-10.00,37.08,639.00,488.29,-10.00,37.08,638.00,492.00,-10.00,37.08,637.00,495.71,-10.00,37.08,636.00,499.42,-10.00,37.08,635.00,503.12,-10.00,37.08,634.00,506.83,-10.00,37.08,633.00,510.54,-10.00,37.08,632.00,514.25,-10.00,37.08,631.00,517.96,-10.00,37.08,630.00,521.67,-10.00,37.08
23.00,1.00,650.00,447.50,-10.00,37.08,649.00,451.21,-10.00,37.08,648.00,454.92,-10.00,37.08,647.00,458.62,-10.00,37.08,646.00,462.33,-10.00,37.08,645.00,466.04,-10.00,37.08,644.00,469.75,-10.00,37.08,643.00,473.46,-10.00,37.08,642.00,477.17,-10.00,37.08,641.00,480.87,-10.00,37.08,640.00,484.58,-10.00,37.08,639.00,488.29,-10.00,37.08,638.00,492.00,-10.00,37.08,637.00,495.71,-10.00,37.08,636.00,499.42,-10.00,37.08,635.00,503.12,-10.00,37.08,634.00,506.83,-10.00,37.08,633.00,510.54,-10.00,37.08,632.00,514.25,-10.00,37.08,631.00,517.96,-10.00,37.08,630.00,521.67,-10.00,37.08,629.00,525.37,-10.00,37.08,628.00,529.08,-10.00,37.08,627.00,532.79,-10.00,37.08,626.00,536.50,-10.00,37.08,625.00,540.21,-10.00,37.08,624.00,543.92,-10.00,37.08,623.00,547.62,-10.00,37.08,622.00,551.33,-10.00,37.08,621.00,555.04,-10.00,37.08,620.00,558.75,-10.00,37.08
23.00,1.00,640.00,484.58,-10.00,37.08,639.00,488.29,-10.00,37.08,638.00,492.00,-10.00,37.08,637.00,495.71,-10.00,37.08,636.00,499.42,-10.00,37.08,635.00,503.12,-10.00,37.08,634.00,506.83,-10.00,37.08,633.00,510.54,-10.00,37.08,632.00,514.25,-10.00,37.08,631.00,517.96,-10.00,37.08,630.00,521.67,-10.00,37.08,629.00,525.37,-10.00,37.08,628.00,529.08,-10.00,37.08,627.00,532.79,-10.00,37.08,626.00,536.50,-10.00,37.08,625.00,540.21,-10.00,37.08,624.00,543.92,-10.00,37.08,623.00,547.62,-10.00,37.08,622.00,551.33,-10.00,37.08,621.00,555.04,-10.00,37.08,620.00,558.75,-10.00,37.08,619.00,562.46,-10.00,37.08,618.00,566.17,-10.00,37.08,617.00,569.87,-10.00,37.08,616.00,573.58,-10.00,37.08,615.00,577.29,-10.00,37.08,614.00,581.00,-10.00,37.08,613.00,584.71,-10.00,37.08,612.00,588.42,-10.00,37.08,611.00,592.12,-10.00,37.08,610.00,595.83,-10.00,37.08
23.00,1.00,630.00,521.67,-10.00,37.08,629.00,525.37,-10.00,37.08,628.00,529.08,-10.00,37.08,627.00,532.79,-10.00,37.08,626.00,536.50,-10.00,37.08,625.00,540.21,-10.00,37.08,624.00,543.92,-10.00,37.08,623.00,547.62,-10.00,37.08,622.00,551.33,-10.00,37.08,621.00,555.04,-10.00,37.08,620.00,558.75,-10.00,37.08,619.00,562.46,-10.00,37.08,618.00,566.17,-10.00,37.08,617.00,569.87,-10.00,37.08,616.00,573.58,-10.00,37.08,615.00,577.29,-10.00,37.08,614.00,581.00,-10.00,37.08,613.00,584.71,-10.00,37.08,612.00,588.42,-10.00,37.08,611.00,592.12,-10.00,37.08,610.00,595.83,-10.00,37.08,609.00,599.54,-10.00,37.08,608.00,603.25,-10.00,37.08,607.00,606.96,-10.00,37.08,606.00,610.67,-10.00,37.08,605.00,614.37,-10.00,37.08,604.00,618.08,-10.00,37.08,603.00,621.79,-10.00,37.08,602.00,625.50,-10.00,37.08,601.00,629.21,-10.00,37.08,600.00,632.92,-10.00,37.08
23.00,1.00,620.00,558.75,-10.00,37.08,619.00,562.46,-10.00,37.08,618.00,566.17,-10.00,37.08,617.00,569.87,-10.00,37.08,616.00,573.58,-10.00,37.08,615.00,577.29,-10.00,37.08,614.00,581.00,-10.00,37.08,613.00,584.71,-10.00,37.08,612.00,588.42,-10.00,37.08,611.00,592.12,-10.00,37.08,610.00,595.83,-10.00,37.08,609.00,599.54,-10.00,37.08,608.00,603.25,-10.00,37.08,607.00,606.96,-10.00,37.08,606.00,610.67,-10.00,37.08,605.00,614.37,-10.00,37.08,604.00,618.08,-10.00,37.08,603.00,621.79,-10.00,37.08,602.00,625.50,-10.00,37.08,601.00,629.21,-10.00,37.08,600.00,632.92,-10.00,37.08,599.00,636.62,-10.00,37.08,598.00,640.33,-10.00,37.08,597.00,644.04,-10.00,37.08,596.00,647.75,-10.00,37.08,595.00,651.46,-10.00,37.08,594.00,655.17,-10.00,37.08,593.00,658.87,-10.00,37.08,592.00,662.58,-10.00,37.08,591.00,666.29,-10.00,37.08,590.00,670.00,-10.00,37.08
24.00,2.00,420.00,640.00,5.00,-11.11,421.00,637.78,5.00,-11.11,422.00,635.56,5.00,-11.11,423.00,633.33,5.00,-11.11,424.00,631.11,5.00,-11.11,425.00,628.89,5.00,-11.11,426.00,626.67,5.00,-11.11,427.00,624.44,5.00,-11.11,428.00,622.22,5.00,-11.11,429.00,620.00,5.00,-11.11,430.00,617.78,5.00,-11.11,431.00,615.56,5.00,-11.11,432.00,613.33,5.00,-11.11,433.00,611.11,5.00,-11.11,434.00,608.89,5.00,-11.11,435.00,606.67,5.00,-11.11,436.00,604.44,5.00,-11.11,437.00,602.22,5.00,-11.11,438.00,600.00,5.00,-11.11,439.00,597.78,5.00,-11.11,440.00,595.56,5.00,-11.11,441.00,593.33,5.00,-11.11,442.00,591.11,5.00,-11.11,443.00,588.89,5.00,-11.11,444.00,586.67,5.00,-11.11,445.00,584.44,5.00,-11.11,446.00,582.22,5.00,-11.11,447.00,580.00,5.00,-11.11,448.00,577.78,5.00,-11.11,449.00,575.56,5.00,-11.11,450.00,573.33,5.00,-11.11
24.00,2.00,430.00,617.78,5.00,-11.11,431.00,615.56,5.00,-11.11,432.00,613.33,5.00,-11.11,433.00,611.11,5.00,-11.11,434.00,608.89,5.00,-11.11,435.00,606.67,5.00,-11.11,436.00,604.44,5.00,-11.11,437.00,602.22,5.00,-11.11,438.00,600.00,5.00,-11.11,439.00,597.78,5.00,-11.11,440.00,595.56,5.00,-11.11,441.00,593.33,5.00,-11.11,442.00,591.11,5.00,-11.11,443.00,588.89,5.00,-11.11,444.00,586.67,5.00,-11.11,445.00,584.44,5.00,-11.11,446.00,582.22,5.00,-11.11,447.00,580.00,5.00,-11.11,448.00,577.78,5.00,-11.11,449.00,575.56,5.00,-11.11,450.00,573.33,5.00,-11.11,451.00,571.11,5.00,-11.11,452.00,568.89,5.00,-11.11,453.00,566.67,5.00,-11.11,454.00,564.44,5.00,-11.11,455.00,562.22,5.00,-11.11,456.00,560.00,5.00,-11.11,457.00,557.78,5.00,-11.11,458.00,555.56,5.00,-11.11,459.00,553.33,5.00,-11.11,460.00,551.11,5.00,-11.11
24.00,2.00,440.00,595.56,5.00,-11.11,441.00,593.33,5.00,-11.11,442.00,591.11,5.00,-11.11,443.00,588.89,5.00,-11.11,444.00,586.67,5.00,-11.11,445.00,584.44,5.00,-11.11,446.00,582.22,5.00,-11.11,447.00,580.00,5.00,-11.11,448.00,577.78,5.00,-11.11,449.00,575.56,5.00,-11.11,450.00,573.33,5.00,-11.11,451.00,571.11,5.00,-11.11,452.00,568.89,5.00,-11.11,453.00,566.67,5.00,-11.11,454.00,564.44,5.00,-11.11,455.00,562.22,5.00,-11.11,456.00,560.00,5.00,-11.11,457.00,557.78,5.00,-11.11,458.00,555.56,5.00,-11.11,459.00,553.33,5.00,-11.11,460.00,551.11,5.00,-11.11,461.00,548.89,5.00,-11.11,462.00,546.67,5.00,-11.11,463.00,544.44,5.00,-11.11,464.00,542.22,5.00,-11.11,465.00,540.00,5.00,-11.11,466.00,537.78,5.00,-11.11,467.00,535.56,5.00,-11.11,468.00,533.33,5.00,-11.11,469.00,531.11,5.00,-11.11,470.00,528.89,5.00,-11.11
24.00,2.00,450.00,573.33,5.00,-11.11,451.00,571.11,5.00,-11.11,452.00,568.89,5.00,-11.11,453.00,566.67,5.00,-11.11,454.00,564.44,5.00,-11.11,455.00,562.22,5.00,-11.11,456.00,560.00,5.00,-11.11,457.00,557.78,5.00,-11.11,458.00,555.56,5.00,-11.11,459.00,553.33,5.00,-11.11,460.00,551.11,5.00,-11.11,461.00,548.89,5.00,-11.11,462.00,546.67,5.00,-11.11,463.00,544.44,5.00,-11.11,464.00,542.22,5.00,-11.11,465.00,540.00,5.00,-11.11,466.00,537.78,5.00,-11.11,467.00,535.56,5.00,-11.11,468.00,533.33,5.00,-11.11,469.00,531.11,5.00,-11.11,470.00,528.89,5.00,-11.11,471.00,526.67,5.00,-11.11,472.00,524.44,5.00,-11.11,473.00,522.22,5.00,-11.11,474.00,520.00,5.00,-11.11,475.00,517.78,5.00,-11.11,476.00,515.56,5.00,-11.11,477.00,513.33,5.00,-11.11,478.00,511.11,5.00,-11.11,479.00,508.89,5.00,-11.11,480.00,506.67,5.00,-11.11
24.00,2.00,460.00,551.11,5.00,-11.11,461.00,548.89,5.00,-11.11,462.00,546.67,5.00,-11.11,463.00,544.44,5.00,-11.11,464.00,542.22,5.00,-11.11,465.00,540.00,5.00,-11.11,466.00,537.78,5.00,-11.11,467.00,535.56,5.00,-11.11,468.00,533.33,5.00,-11.11,469.00,531.11,5.00,-11.11,470.00,528.89,5.00,-11.11,471.00,526.67,5.00,-11.11,472.00,524.44,5.00,-11.11,473.00,522.22,5.00,-11.11,474.00,520.00,5.00,-11.11,475.00,517.78,5.00,-11.11,476.00,515.56,5.00,-11.11,477.00,513.33,5.00,-11.11,478.00,511.11,5.00,-11.11,479.00,508.89,5.00,-11.11,480.00,506.67,5.00,-11.11,481.00,504.44,5.00,-11.11,482.00,502.22,5.00,-11.11,483.00,500.00,5.00,-11.11,484.00,497.78,5.00,-11.11,485.00,495.56,5.00,-11.11,486.00,493.33,5.00,-11.11,487.00,491.11,5.00,-11.11,488.00,488.89,5.00,-11.11,489.00,486.67,5.00,-11.11,490.00,484.44,5.00,-11.11
24.00,2.00,470.00,528.89,5.00,-11.11,471.00,526.67,5.00,-11.11,472.00,524.44,5.00,-11.11,473.00,522.22,5.00,-11.11,474.00,520.00,5.00,-11.11,475.00,517.78,5.00,-11.11,476.00,515.56,5.00,-11.11,477.00,513.33,5.00,-11.11,478.00,511.11,5.00,-11.11,479.00,508.89,5.00,-11.11,480.00,506.67,5.00,-11.11,481.00,504.44,5.00,-11.11,482.00,502.22,5.00,-11.11,483.00,500.00,5.00,-11.11,484.00,497.78,5.00,-11.11,485.00,495.56,5.00,-11.11,486.00,493.33,5.00,-11.11,487.00,491.11,5.00,-11.11,488.00,488.89,5.00,-11.11,489.00,486.67,5.00,-11.11,490.00,484.44,5.00,-11.11,491.00,482.22,5.00,-11.11,492.00,480.00,5.00,-11.11,493.00,477.78,5.00,-11.11,494.00,475.56,5.00,-11.11,495.00,473.33,5.00,-11.11,496.00,471.11,5.00,-11.11,497.00,468.89,5.00,-11.11,498.00,466.67,5.00,-11.11,499.00,464.44,5.00,-11.11,500.00,462.22,5.00,-11.11
24.00,2.00,480.00,506.67,5.00,-11.11,481.00,504.44,5.00,-11.11,482.00,502.22,5.00,-11.11,483.00,500.00,5.00,-11.11,484.00,497.78,5.00,-11.11,485.00,495.56,5.00,-11.11,486.00,493.33,5.00,-11.11,487.00,491.11,5.00,-11.11,488.00,488.89,5.00,-11.11,489.00,486.67,5.00,-11.11,490.00,484.44,5.00,-11.11,491.00,482.22,5.00,-11.11,492.00,480.00,5.00,-11.11,493.00,477.78,5.00,-11.11,494.00,475.56,5.00,-11.11,495.00,473.33,5.00,-11.11,496.00,471.11,5.00,-11.11,497.00,468.89,5.00,-11.11,498.00,466.67,5.00,-11.11,499.00,464.44,5.00,-11.11,500.00,462.22,5.00,-11.11,501.00,460.00,5.00,-11.11,502.00,457.78,5.00,-11.11,503.00,455.56,5.00,-11.11,504.00,453.33,5.00,-11.11,505.00,451.11,5.00,-11.11,506.00,448.89,5.00,-11.11,507.00,446.67,5.00,-11.11,508.00,444.44,5.00,-11.11,509.00,442.22,5.00,-11.11,510.00,440.00,5.00,-11.11
24.00,2.00,490.00,484.44,5.00,-11.11,491.00,482.22,5.00,-11.11,492.00,480.00,5.00,-11.11,493.00,477.78,5.00,-11.11,494.00,475.56,5.00,-11.11,495.00,473.33,5.00,-11.11,496.00,471.11,5.00,-11.11,497.00,468.89,5.00,-11.11,498.00,466.67,5.00,-11.11,499.00,464.44,5.00,-11.11,500.00,462.22,5.00,-11.11,501.00,460.00,5.00,-11.11,502.00,457.78,5.00,-11.11,503.00,455.56,5.00,-11.11,504.00,453.33,5.00,-11.11,505.00,451.11,5.00,-11.11,506.00,448.89,5.00,-11.11,507.00,446.67,5.00,-11.11,508.00,444.44,5.00,-11.11,509.00,442.22,5.00,-11.11,510.00,440.00,5.00,-11.11,511.00,437.78,5.00,-11.11,512.00,435.56,5.00,-11.11,513.00,433.33,5.00,-11.11,514.00,431.11,5.00,-11.11,515.00,428.89,5.00,-11.11,516.00,426.67,5.00,-11.11,517.00,424.44,5.00,-11.11,518.00,422.22,5.00,-11.11,519.00,420.00,5.00,-11.11,520.00,417.78,5.00,-11.11
24.00,2.00,500.00,462.22,5.00,-11.11,501.00,460.00,5.00,-11.11,502.00,457.78,5.00,-11.11,503.00,455.56,5.00,-11.11,504.00,453.33,5.00,-11.11,505.00,451.11,5.00,-11.11,506.00,448.89,5.00,-11.11,507.00,446.67,5.00,-11.11,508.00,444.44,5.00,-11.11,509.00,442.22,5.00,-11.11,510.00,440.00,5.00,-11.11,511.00,437.78,5.00,-11.11,512.00,435.56,5.00,-11.11,513.00,433.33,5.00,-11.11,514.00,431.11,5.00,-11.11,515.00,428.89,5.00,-11.11,516.00,426.67,5.00,-11.11,517.00,424.44,5.00,-11.11,518.00,422.22,5.00,-11.11,519.00,420.00,5.00,-11.11,520.00,417.78,5.00,-11.11,521.00,415.56,5.00,-11.11,522.00,413.33,5.00,-11.11,523.00,411.11,5.00,-11.11,524.00,408.89,5.00,-11.11,525.00,406.67,5.00,-11.11,526.00,404.44,5.00,-11.11,527.00,402.22,5.00,-11.11,528.00,400.00,5.00,-11.11,529.00,397.78,5.00,-11.11,530.00,395.56,5.00,-11.11
24.00,2.00,510.00,440.00,5.00,-11.11,511.00,437.78,5.00,-11.11,512.00,435.56,5.00,-11.11,513.00,433.33,5.00,-11.11,514.00,431.11,5.00,-11.11,515.00,428.89,5.00,-11.11,516.00,426.67,5.00,-11.11,517.00,424.44,5.00,-11.11,518.00,422.22,5.00,-11.11,519.00,420.00,5.00,-11.11,520.00,417.78,5.00,-11.11,521.00,415.56,5.00,-11.11,522.00,413.33,5.00,-11.11,523.00,411.11,5.00,-11.11,524.00,408.89,5.00,-11.11,525.00,406.67,5.00,-11.11,526.00,404.44,5.00,-11.11,527.00,402.22,5.00,-11.11,528.00,400.00,5.00,-11.11,529.00,397.78,5.00,-11.11,530.00,395.56,5.00,-11.11,531.00,393.33,5.00,-11.11,532.00,391.11,5.00,-11.11,533.00,388.89,5.00,-11.11,534.00,386.67,5.00,-11.11,535.00,384.44,5.00,-11.11,536.00,382.22,5.00,-11.11,537.00,380.00,5.00,-11.11,538.00,377.78,5.00,-11.11,539.00,375.56,5.00,-11.11,540.00,373.33,5.00,-11.11
24.00,2.00,520.00,417.78,5.00,-11.11,521.00,415.56,5.00,-11.11,522.00,413.33,5.00,-11.11,523.00,411.11,5.00,-11.11,524.00,408.89,5.00,-11.11,525.00,406.67,5.00,-11.11,526.00,404.44,5.00,-11.11,527.00,402.22,5.00,-11.11,528.00,400.00,5.00,-11.11,529.00,397.78,5.00,-11.11,530.00,395.56,5.00,-11.11,531.00,393.33,5.00,-11.11,532.00,391.11,5.00,-11.11,533.00,388.89,5.00,-11.11,534.00,386.67,5.00,-11.11,535.00,384.44,5.00,-11.11,536.00,382.22,5.00,-11.11,537.00,380.00,5.00,-11.11,538.00,377.78,5.00,-11.11,539.00,375.56,5.00,-11.11,540.00,373.33,5.00,-11.11,541.00,371.11,5.00,-11.11,542.00,368.89,5.00,-11.11,543.00,366.67,5.00,-11.11,544.00,364.44,5.00,-11.11,545.00,362.22,5.00,-11.11,546.00,360.00,5.00,-11.11,547.00,357.78,5.00,-11.11,548.00,355.56,5.00,-11.11,549.00,353.33,5.00,-11.11,550.00,351.11,5.00,-11.11
24.00,2.00,530.00,395.56,5.00,-11.11,531.00,393.33,5.00,-11.11,532.00,391.11,5.00,-11.11,533.00,388.89,5.00,-11.11,534.00,386.67,5.00,-11.11,535.00,384.44,5.00,-11.11,536.00,382.22,5.00,-11.11,537.00,380.00,5.00,-11.11,538.00,377.78,5.00,-11.11,539.00,375.56,5.00,-11.11,540.00,373.33,5.00,-11.11,541.00,371.11,5.00,-11.11,542.00,368.89,5.00,-11.11,543.00,366.67,5.00,-11.11,544.00,364.44,5.00,-11.11,545.00,362.22,5.00,-11.11,546.00,360.00,5.00,-11.11,547.00,357.78,5.00,-11.11,548.00,355.56,5.00,-11.11,549.00,353.33,5.00,-11.11,550.00,351.11,5.00,-11.11,551.00,348.89,5.00,-11.11,552.00,346.67,5.00,-11.11,553.00,344.44,5.00,-11.11,554.00,342.22,5.00,-11.11,555.00,340.00,5.00,-11.11,556.00,337.78,5.00,-11.11,557.00,335.56,5.00,-11.11,558.00,333.33,5.00,-11.11,559.00,331.11,5.00,-11.11,560.00,328.89,5.00,-11.11
24.00,2.00,540.00,373.33,5.00,-11.11,541.00,371.11,5.00,-11.11,542.00,368.89,5.00,-11.11,543.00,366.67,5.00,-11.11,544.00,364.44,5.00,-11.11,545.00,362.22,5.00,-11.11,546.00,360.00,5.00,-11.11,547.00,357.78,5.00,-11.11,548.00,355.56,5.00,-11.11,549.00,353.33,5.00,-11.11,550.00,351.11,5.00,-11.11,551.00,348.89,5.00,-11.11,552.00,346.67,5.00,-11.11,553.00,344.44,5.00,-11.11,554.00,342.22,5.00,-11.11,555.00,340.00,5.00,-11.11,556.00,337.78,5.00,-11.11,557.00,335.56,5.00,-11.11,558.00,333.33,5.00,-11.11,559.00,331.11,5.00,-11.11,560.00,328.89,5.00,-11.11,561.00,326.67,5.00,-11.11,562.00,324.44,5.00,-11.11,563.00,322.22,5.00,-11.11,564.00,320.00,5.00,-11.11,565.00,317.78,5.00,-11.11,566.00,315.56,5.00,-11.11,567.00,313.33,5.00,-11.11,568.00,311.11,5.00,-11.11,569.00,308.89,5.00,-11.11,570.00,306.67,5.00,-11.11
24.00,2.00,550.00,351.11,5.00,-11.11,551.00,348.89,5.00,-11.11,552.00,346.67,5.00,-11.11,553.00,344.44,5.00,-11.11,554.00,342.22,5.00,-11.11,555.00,340.00,5.00,-11.11,556.00,337.78,5.00,-11.11,557.00,335.56,5.00,-11.11,558.00,333.33,5.00,-11.11,559.00,331.11,5.00,-11.11,560.00,328.89,5.00,-11.11,561.00,326.67,5.00,-11.11,562.00,324.44,5.00,-11.11,563.00,322.22,5.00,-11.11,564.00,320.00,5.00,-11.11,565.00,317.78,5.00,-11.11,566.00,315.56,5.00,-11.11,567.00,313.33,5.00,-11.11,568.00,311.11,5.00,-11.11,569.00,308.89,5.00,-11.11,570.00,306.67,5.00,-11.11,571.00,304.44,5.00,-11.11,572.00,302.22,5.00,-11.11,573.00,300.00,5.00,-11.11,574.00,297.78,5.00,-11.11,575.00,295.56,5.00,-11.11,576.00,293.33,5.00,-11.11,577.00,291.11,5.00,-11.11,578.00,288.89,5.00,-11.11,579.00,286.67,5.00,-11.11,580.00,284.44,5.00,-11.11
24.00,2.00,560.00,328.89,5.00,-11.11,561.00,326.67,5.00,-11.11,562.00,324.44,5.00,-11.11,563.00,322.22,5.00,-11.11,564.00,320.00,5.00,-11.11,565.00,317.78,5.00,-11.11,566.00,315.56,5.00,-11.11,567.00,313.33,5.00,-11.11,568.00,311.11,5.00,-11.11,569.00,308.89,5.00,-11.11,570.00,306.67,5.00,-11.11,571.00,304.44,5.00,-11.11,572.00,302.22,5.00,-11.11,573.00,300.00,5.00,-11.11,574.00,297.78,5.00,-11.11,575.00,295.56,5.00,-11.11,576.00,293.33,5.00,-11.11,577.00,291.11,5.00,-11.11,578.00,288.89,5.00,-11.11,579.00,286.67,5.00,-11.11,580.00,284.44,5.00,-11.11,581.00,282.22,5.00,-11.11,582.00,280.00,5.00,-11.11,583.00,277.78,5.00,-11.11,584.00,275.56,5.00,-11.11,585.00,273.33,5.00,-11.11,586.00,271.11,5.00,-11.11,587.00,268.89,5.00,-11.11,588.00,266.67,5.00,-11.11,589.00,264.44,5.00,-11.11,590.00,262.22,5.00,-11.11
24.00,2.00,570.00,306.67,5.00,-11.11,571.00,304.44,5.00,-11.11,572.00,302.22,5.00,-11.11,573.00,300.00,5.00,-11.11,574.00,297.78,5.00,-11.11,575.00,295.56,5.00,-11.11,576.00,293.33,5.00,-11.11,577.00,291.11,5.00,-11.11,578.00,288.89,5.00,-11.11,579.00,286.67,5.00,-11.11,580.00,284.44,5.00,-11.11,581.00,282.22,5.00,-11.11,582.00,280.00,5.00,-11.11,583.00,277.78,5.00,-11.11,584.00,275.56,5.00,-11.11,585.00,273.33,5.00,-11.11,586.00,271.11,5.00,-11.11,587.00,268.89,5.00,-11.11,588.00,266.67,5.00,-11.11,589.00,264.44,5.00,-11.11,590.00,262.22,5.00,-11.11,591.00,260.00,5.00,-11.11,592.00,257.78,5.00,-11.11,593.00,255.56,5.00,-11.11,594.00,253.33,5.00,-11.11,595.00,251.11,5.00,-11.11,596.00,248.89,5.00,-11.11,597.00,246.67,5.00,-11.11,598.00,244.44,5.00,-11.11,599.00,242.22,5.00,-11.11,600.00,240.00,5.00,-11.11
25.00,2.00,650.00,360.00,-5.00,25.42,649.00,365.08,-5.00,25.42,648.00,370.17,-5.00,25.42,647.00,375.25,-5.00,25.42,646.00,380.33,-5.00,25.42,645.00,385.42,-5.00,25.42,644.00,390.50,-5.00,25.42,643.00,395.58,-5.00,25.42,642.00,400.67,-5.00,25.42,641.00,405.75,-5.00,25.42,640.00,410.83,-5.00,25.42,639.00,415.92,-5.00,25.42,638.00,421.00,-5.00,25.42,637.00,426.08,-5.00,25.42,636.00,431.17,-5.00,25.42,635.00,436.25,-5.00,25.42,634.00,441.33,-5.00,25.42,633.00,446.42,-5.00,25.42,632.00,451.50,-5.00,25.42,631.00,456.58,-5.00,25.42,630.00,461.67,-5.00,25.42,629.00,466.75,-5.00,25.42,628.00,471.83,-5.00,25.42,627.00,476.92,-5.00,25.42,626.00,482.00,-5.00,25.42,625.00,487.08,-5.00,25.42,624.00,492.17,-5.00,25.42,623.00,497.25,-5.00,25.42,622.00,502.33,-5.00,25.42,621.00,507.42,-5.00,25.42,620.00,512.50,-5.00,25.42
25.00,2.00,640.00,410.83,-5.00,25.42,639.00,415.92,-5.00,25.42,638.00,421.00,-5.00,25.42,637.00,426.08,-5.00,25.42,636.00,431.17,-5.00,25.42,635.00,436.25,-5.00,25.42,634.00,441.33,-5.00,25.42,633.00,446.42,-5.00,25.42,632.00,451.50,-5.00,25.42,631.00,456.58,-5.00,25.42,630.00,461.67,-5.00,25.42,629.00,466.75,-5.00,25.42,628.00,471.83,-5.00,25.42,627.00,476.92,-5.00,25.42,626.00,482.00,-5.00,25.42,625.00,487.08,-5.00,25.42,624.00,492.17,-5.00,25.42,623.00,497.25,-5.00,25.42,622.00,502.33,-5.00,25.42,621.00,507.42,-5.00,25.42,620.00,512.50,-5.00,25.42,619.00,517.58,-5.00,25.42,618.00,522.67,-5.00,25.42,617.00,527.75,-5.00,25.42,616.00,532.83,-5.00,25.42,615.00,537.92,-5.00,25.42,614.00,543.00,-5.00,25.42,613.00,548.08,-5.00,25.42,612.00,553.17,-5.00,25.42,611.00,558.25,-5.00,25.42,610.00,563.33,-5.00,25.42
25.00,2.00,630.00,461.67,-5.00,25.42,629.00,466.75,-5.00,25.42,628.00,471.83,-5.00,25.42,627.00,476.92,-5.00,25.42,626.00,482.00,-5.00,25.42,625.00,487.08,-5.00,25.42,624.00,492.17,-5.00,25.42,623.00,497.25,-5.00,25.42,622.00,502.33,-5.00,25.42,621.00,507.42,-5.00,25.42,620.00,512.50,-5.00,25.42,619.00,517.58,-5.00,25.42,618.00,522.67,-5.00,25.42,617.00,527.75,-5.00,25.42,616.00,532.83,-5.00,25.42,615.00,537.92,-5.00,25.42,614.00,543.00,-5.00,25.42,613.00,548.08,-5.00,25.42,612.00,553.17,-5.00,25.42,611.00,558.25,-5.00,25.42,610.00,563.33,-5.00,25.42,609.00,568.42,-5.00,25.42,608.00,573.50,-5.00,25.42,607.00,578.58,-5.00,25.42,606.00,583.67,-5.00,25.42,605.00,588.75,-5.00,25.42,604.00,593.83,-5.00,25.42,603.00,598.92,-5.00,25.42,602.00,604.00,-5.00,25.42,601.00,609.08,-5.00,25.42,600.00,614.17,-5.00,25.42
25.00,2.00,620.00,512.50,-5.00,25.42,619.00,517.58,-5.00,25.42,618.00,522.67,-5.00,25.42,617.00,527.75,-5.00,25.42,616.00,532.83,-5.00,25.42,615.00,537.92,-5.00,25.42,614.00,543.00,-5.00,25.42,613.00,548.08,-5.00,25.42,612.00,553.17,-5.00,25.42,611.00,558.25,-5.00,25.42,610.00,563.33,-5.00,25.42,609.00,568.42,-5.00,25.42,608.00,573.50,-5.00,25.42,607.00,578.58,-5.00,25.42,606.00,583.67,-5.00,25.42,605.00,588.75,-5.00,25.42,604.00,593.83,-5.00,25.42,603.00,598.92,-5.00,25.42,602.00,604.00,-5.00,25.42,601.00,609.08,-5.00,25.42,600.00,614.17,-5.00,25.42,599.00,619.25,-5.00,25.42,598.00,624.33,-5.00,25.42,597.00,629.42,-5.00,25.42,596.00,634.50,-5.00,25.42,595.00,639.58,-5.00,25.42,594.00,644.67,-5.00,25.42,593.00,649.75,-5.00,25.42,592.00,654.83,-5.00,25.42,591.00,659.92,-5.00,25.42,590.00,665.00,-5.00,25.42
